Submission ID,Respondent ID,Submitted at,Store Name,Kya staff nein price change ke baare mein inform kiya?,"Jaane ke pehle kabhi bhi,
kya customer nein,
item price ya total price ke liye bill check kiya?","Price ke baare mein, 
kya customer nein ek bhi word bola?","Kya kya bola? 
(multiple options select kar sakte hain)","Price ke baare mein, 
kya customer nein bina kuch bole, 
koi bhi reaction diya?","Kya kya reaction diye? 
(multiple options select kar sakte hain)",Bill ka kya hua?,Bill Number (if bill bana) or Patient ID (compulsory if bill nahin bana),Optional sawaal - aapki koi raay ya customer ke koi emotions?
jeQWD5a,A7AJlde,2026-05-15 05:33:10,Sanpada,No,No,No,,No,,No change. Jaisa ban na tha bana.,SANP-513769,
peBWxE1,A7AJlde,2026-05-15 05:35:40,Sanpada,No,No,No,,No,,No change. Jaisa ban na tha bana.,SANP-513770,
PR5YdjV,ja54xQY,2026-05-15 05:36:42,Colaba,No,No,No,,No,,No change. Jaisa ban na tha bana.,ZCLBA-153937,
vXyLGzD,A7AJlde,2026-05-15 05:39:44,Sanpada,No,No,No,,No,,No change. Jaisa ban na tha bana.,SANP-513771,
PR5Yde5,ja54xQY,2026-05-15 05:40:21,Colaba,No,No,No,,No,,No change. Jaisa ban na tha bana.,ZCLBA-153938,
rDALDkX,PdvE0Ad,2026-05-15 05:45:47,Khar,No,Yes,No,,No,,No change. Jaisa ban na tha bana.,ZKRWT-196237,
DqdDqPZ,A7AJlde,2026-05-15 05:46:37,Sanpada,No,No,No,,No,,No change. Jaisa ban na tha bana.,SANP-513777,
Vp5YpgE,pbRdLAZ,2026-05-15 05:48:03,Goregaon,No,No,No,,No,,No change. Jaisa ban na tha bana.,ZGORE-394610,
xVayVk9,pbRdLAZ,2026-05-15 05:48:29,Goregaon,No,No,No,,No,,No change. Jaisa ban na tha bana.,ZGORE-394612,
peBWr5y,PdvE0Ad,2026-05-15 05:52:09,Khar,No,Yes,No,,No,,No change. Jaisa ban na tha bana.,ZKRWT-196238,
NqWYr1j,PdvE0Ad,2026-05-15 05:53:25,Khar,No,Yes,Yes,Compared two quantity sizes and the price,,,No change. Jaisa ban na tha bana.,ZKRWT-196239,
7X2vqyZ,A7AJlde,2026-05-15 05:53:48,Sanpada,No,No,No,,No,,No change. Jaisa ban na tha bana.,SANP-513781,
5X1vbR6,A7AJlde,2026-05-15 05:54:09,Sanpada,No,No,No,,No,,No change. Jaisa ban na tha bana.,SANP-513780,
ladWqMB,gDYAZLO,2026-05-15 05:57:36,Bandra Hill Road,No,No,No,,No,,No change. Jaisa ban na tha bana.,ZBDRA-355958,
q5AWaz2,gDYAZLO,2026-05-15 05:58:01,Bandra Hill Road,No,No,No,,No,,No change. Jaisa ban na tha bana.,ZBDRA-355960,
OQ5Ylgp,gDYAZLO,2026-05-15 05:58:27,Bandra Hill Road,No,No,No,,No,,No change. Jaisa ban na tha bana.,ZBDRA-355962,
1W7vkgL,gDYAZLO,2026-05-15 05:58:48,Bandra Hill Road,No,No,No,,No,,No change. Jaisa ban na tha bana.,ZBDRA-355963,
xVayjbE,gDYAZLO,2026-05-15 05:59:11,Bandra Hill Road,No,No,No,,No,,No change. Jaisa ban na tha bana.,ZBDRA-355964,
2jNvB6e,gDYAZLO,2026-05-15 05:59:33,Bandra Hill Road,No,Yes,No,,No,,No change. Jaisa ban na tha bana.,ZBDRA-355965,
YjWY0pW,ja54xQY,2026-05-15 06:03:32,Colaba,Yes,,Yes,"Confirm kiya (eg ""Rate badha hai kya?""), Pichle time mai 43 ya 45 me lekar gya tha",,,Bana hi nahin. Customer chale gaye.,No number ,Customer rate puch kar wapas chala gya 
EqQDdAX,gDYAZLO,2026-05-15 06:04:30,Bandra Hill Road,No,No,No,,No,,No change. Jaisa ban na tha bana.,ZBDRA-355966,
J1ADpG4,pbRdLAZ,2026-05-15 06:04:34,Goregaon,No,No,No,,No,,No change. Jaisa ban na tha bana.,ZGORE-394617,
KplDxYX,pbRdLAZ,2026-05-15 06:07:10,Goregaon,No,No,No,,No,,No change. Jaisa ban na tha bana.,ZGORE-394618,
zEDJMyR,A7AJlde,2026-05-15 06:07:45,Sanpada,No,No,No,,No,,No change. Jaisa ban na tha bana.,SANP-513785,Requested hardcopy of the bill.
X5WYopO,eqKDBYx,2026-05-15 06:12:20,Goregaon W SV Road,No,No,No,,No,,No change. Jaisa ban na tha bana.,Zgwsv-68148,
5X1vZdo,gDYAZLO,2026-05-15 06:14:42,Bandra Hill Road,No,Yes,Yes,"Confirm kiya (eg ""Rate badha hai kya?"")",,,No change. Jaisa ban na tha bana.,ZBDRA-355967,
2jNvKd9,eqKDBYx,2026-05-15 06:17:37,Goregaon W SV Road,No,No,No,,No,,No change. Jaisa ban na tha bana.,Zgwsv-68149,
0V6vOeP,A7AJlde,2026-05-15 06:19:58,Sanpada,No,No,No,,No,,No change. Jaisa ban na tha bana.,SANP-513788,
BEkD785,PdvE0Ad,2026-05-15 06:21:37,Khar,No,Yes,No,,No,,No change. Jaisa ban na tha bana.,ZKRWT-196240,
9NDvQ4G,PdvE0Ad,2026-05-15 06:22:11,Khar,No,Yes,No,,No,,No change. Jaisa ban na tha bana.,ZKRWT-196241,
RW5YPN4,ja54xQY,2026-05-15 06:23:48,Colaba,No,No,No,,No,,No change. Jaisa ban na tha bana.,ZCLBA-153940,
zEDJYkM,A7AJlde,2026-05-15 06:23:56,Sanpada,No,No,No,,Yes,Furrowed eyebrows.,No change. Jaisa ban na tha bana.,SANP-513789,
gbMZGBD,ja54xQY,2026-05-15 06:24:05,Colaba,No,No,No,,No,,No change. Jaisa ban na tha bana.,ZCLBA-153942,
e5e2R1e,gDYAZLO,2026-05-15 06:24:43,Bandra Hill Road,No,No,No,,No,,No change. Jaisa ban na tha bana.,ZBDRA-355969,
GedDdep,gDYAZLO,2026-05-15 06:25:08,Bandra Hill Road,No,No,No,,No,,No change. Jaisa ban na tha bana.,ZBDRA-355968,
DqdDdAN,gDYAZLO,2026-05-15 06:27:45,Bandra Hill Road,No,Yes,No,,No,,No change. Jaisa ban na tha bana.,ZBDRA-355970,
6D2v7LJ,pbRdLAZ,2026-05-15 06:31:19,Goregaon,No,No,No,,No,,No change. Jaisa ban na tha bana.,ZGORE-394623,
1W7vlEO,PdvE0Ad,2026-05-15 06:32:47,Khar,No,No,No,,No,,No change. Jaisa ban na tha bana.,ZKRWT-196243,
ladWN6N,A7AJlde,2026-05-15 06:37:13,Sanpada,No,No,No,,No,,No change. Jaisa ban na tha bana.,SANP-513793,
jeQWMe9,eqKDBYx,2026-05-15 06:42:22,Goregaon W SV Road,No,No,No,,No,,No change. Jaisa ban na tha bana.,Zgwsv-68151,
RW5Y45K,A7AJlde,2026-05-15 06:43:16,Sanpada,No,No,No,,No,,No change. Jaisa ban na tha bana.,SANP-513796,Just requested pharmacist to redeem coins and give hardcopy of the bill.
0V6vM0A,A7AJlde,2026-05-15 06:46:32,Sanpada,No,No,No,,No,,No change. Jaisa ban na tha bana.,SANP-513797,
DqdDexZ,A7AJlde,2026-05-15 06:50:37,Sanpada,No,No,No,,No,,No change. Jaisa ban na tha bana.,SANP-513799,
4axvj9Y,PdvE0Ad,2026-05-15 06:50:38,Khar,No,Yes,No,,No,,No change. Jaisa ban na tha bana.,ZKRWT-196244,
9NDvlxY,A7AJlde,2026-05-15 06:51:16,Sanpada,No,No,Yes,"Hairaan hue (eg ""Arre phir se rate badha diye?""), Said ""Badhte hi jaa rha hai iska.""",,,No change. Jaisa ban na tha bana.,SANP-513800,
7X2vZgL,ja54xQY,2026-05-15 06:51:43,Colaba,No,No,Yes,Rate confirm karne aya tha,No,,Bana hi nahin. Customer chale gaye.,Number nhi hai ,Customer rate puch kar wapas chala gya wo store pe sirf rate confirm karne aya tha kyunki hamtre yha jada discount milta hai ishiliye 
o9MdOa1,pbRdLAZ,2026-05-15 06:51:48,Goregaon,No,Yes,No,,No,,No change. Jaisa ban na tha bana.,ZGORE-3946226,
RW5YLpK,eqKDBYx,2026-05-15 06:53:01,Goregaon W SV Road,No,Yes,No,,No,,No change. Jaisa ban na tha bana.,Zgwsv-68152,
8NQ8e7l,PdvE0Ad,2026-05-15 06:53:13,Khar,No,Yes,No,,No,,No change. Jaisa ban na tha bana.,ZKRWT-196245,
BEkDBOR,eqKDBYx,2026-05-15 06:53:26,Goregaon W SV Road,No,No,No,,No,,No change. Jaisa ban na tha bana.,Zgwsv-68153,
rDALVXL,eqKDBYx,2026-05-15 06:58:20,Goregaon W SV Road,No,Yes,No,,No,,No change. Jaisa ban na tha bana.,Zgwsv-68154,
q5AWWpO,A7AJlde,2026-05-15 07:02:20,Sanpada,No,No,No,,No,,No change. Jaisa ban na tha bana.,SANP-513801,
GedDJMZ,PdvE0Ad,2026-05-15 07:09:09,Khar,No,Yes,No,,No,,No change. Jaisa ban na tha bana.,ZKRWT-196247,
0V6vj80,PdvE0Ad,2026-05-15 07:10:28,Khar,No,No,No,,No,,No change. Jaisa ban na tha bana.,ZKRWT-196246,
GedDBp2,gDYAZLO,2026-05-15 07:10:29,Bandra Hill Road,No,Yes,Yes,"Mol bhaav kiya (eg ""Discount badha do"")",,,No change. Jaisa ban na tha bana.,ZBDRA-355975,
o9MdVMM,PdvE0Ad,2026-05-15 07:10:44,Khar,No,No,No,,No,,No change. Jaisa ban na tha bana.,ZKRWT-196248,
5X1vqkQ,gDYAZLO,2026-05-15 07:11:06,Bandra Hill Road,No,No,No,,No,,No change. Jaisa ban na tha bana.,ZBDRA-355976,
DqdDvxR,gDYAZLO,2026-05-15 07:12:10,Bandra Hill Road,No,No,No,,No,,No change. Jaisa ban na tha bana.,ZBDRA-355978,
zEDJQLa,eqKDBYx,2026-05-15 07:12:27,Goregaon W SV Road,No,No,No,,No,,No change. Jaisa ban na tha bana.,Zgwsv-68159,
RW5YZYP,eqKDBYx,2026-05-15 07:16:28,Goregaon W SV Road,No,Yes,No,,No,,No change. Jaisa ban na tha bana.,Zgwsv-68160,
BEkD8D7,pbRdLAZ,2026-05-15 07:21:36,Goregaon,No,No,No,,No,,No change. Jaisa ban na tha bana.,ZGORE-394631,
OQ5Y8bk,PdvE0Ad,2026-05-15 07:22:23,Khanda Colony,No,Yes,No,,No,,No change. Jaisa ban na tha bana.,ZKRWT-1962429,
GedDYjL,A7AJlde,2026-05-15 07:23:25,Sanpada,No,No,Yes,"Mol bhaav kiya (eg ""Discount badha do""), Asked for general discount, nothing related to price hike.",,,No change. Jaisa ban na tha bana.,SANP-513802,
bZxrN02,A7AJlde,2026-05-15 07:24:41,Sanpada,No,No,No,,No,,No change. Jaisa ban na tha bana.,SANP-513803,Requested hardcopy of the bill.
xVay4ad,PdvE0Ad,2026-05-15 07:25:48,Khar,No,Yes,No,,No,,No change. Jaisa ban na tha bana.,ZKRWT-196242,
OQ5YdYR,gDYAZLO,2026-05-15 07:26:38,Bandra Hill Road,No,No,No,,No,,No change. Jaisa ban na tha bana.,ZBDRA-355980,
PR5Yv25,PdvE0Ad,2026-05-15 07:26:52,Khar,No,Yes,No,,No,,No change. Jaisa ban na tha bana.,ZKRWT-196250,
2jNv1yM,PdvE0Ad,2026-05-15 07:28:11,Khar,No,Yes,No,,No,,No change. Jaisa ban na tha bana.,ZKRWT-196251,
2jNv1Ye,A7AJlde,2026-05-15 07:28:26,Sanpada,No,No,No,,No,,No change. Jaisa ban na tha bana.,SANP-513805,
Vp5Y4Eg,PdvE0Ad,2026-05-15 07:34:45,Khar,No,Yes,Yes,Asked the price of each tablet & checked the mrp,,,No change. Jaisa ban na tha bana.,ZKRWT-196252,Asked for more discount saying other medical give more discounts but buyed all medicines later
zEDJ1va,A7AJlde,2026-05-15 07:37:49,Sanpada,No,No,No,,No,,No change. Jaisa ban na tha bana.,SANP-513807,
RW5YV7Q,PdvE0Ad,2026-05-15 07:39:30,Khar,No,Yes,Yes,He compared the prices of online and came to return the product,,,Return order,ZKRWT-196059,He compared the prices of online and came to return the product
M1zYMOX,A7AJlde,2026-05-15 07:41:08,Sanpada,No,No,No,,No,,No change. Jaisa ban na tha bana.,SANP-513808,
rDALvr5,A7AJlde,2026-05-15 07:41:41,Sanpada,No,No,No,,No,,No change. Jaisa ban na tha bana.,SANP-513809,Extension of bill SANP-513808.
rDALYKR,PdvE0Ad,2026-05-15 07:46:12,Khar,No,Yes,No,,No,,New customer,ZKRWT-196255,
Qo5YEJG,PdvE0Ad,2026-05-15 07:51:41,Khar,No,Yes,Yes,Was Dissatisfied with discount coupon,,,No change. Jaisa ban na tha bana.,ZKRWT-196256,Was dissatisfied while receiving only 20 rs discount on 1134rs bill
OQ5Yrl8,PdvE0Ad,2026-05-15 07:55:16,Khar,No,Yes,No,,No,,No change. Jaisa ban na tha bana.,ZKRWT-196258,
dbxjpjy,PdvE0Ad,2026-05-15 08:01:41,Khar,No,Yes,No,,No,,No change. Jaisa ban na tha bana.,ZKRWT-196261,
ladW59v,gDYAZLO,2026-05-15 08:03:16,Bandra Hill Road,No,No,No,,No,,No change. Jaisa ban na tha bana.,ZBDRA-355986,
6D2v96P,gDYAZLO,2026-05-15 08:03:41,Bandra Hill Road,No,No,No,,No,,No change. Jaisa ban na tha bana.,ZBDRA-355985,
jeQWpN6,pbRdLAZ,2026-05-15 08:04:20,Goregaon,No,No,No,,No,,No change. Jaisa ban na tha bana.,ZGORE-394636,
xVayBVE,PdvE0Ad,2026-05-15 08:05:05,Khar,No,Yes,No,,No,,No change. Jaisa ban na tha bana.,ZKRWT-196266,
zEDJog1,pbRdLAZ,2026-05-15 08:12:42,Goregaon,No,No,No,,No,,No change. Jaisa ban na tha bana.,ZGORE-394638,
8NQ8yVo,PdvE0Ad,2026-05-15 08:13:16,Khar,No,Yes,Yes,"Confirm kiya (eg ""Rate badha hai kya?"")",,,No change. Jaisa ban na tha bana.,ZKRWT-196269,
4axvYKA,ja54xQY,2026-05-15 08:25:31,Colaba,No,Yes,No,,No,,No change. Jaisa ban na tha bana.,ZCLBA-153953,
GedDV1Z,PdvE0Ad,2026-05-15 08:26:02,Khar,No,Yes,No,,No,,No change. Jaisa ban na tha bana.,ZKRWT-196276,
WJ5Y6Ma,pbRdLAZ,2026-05-15 08:26:25,Goregaon,No,No,No,,No,,No change. Jaisa ban na tha bana.,ZGORE-394640,
Qo5YqBg,ja54xQY,2026-05-15 08:26:31,Colaba,No,No,No,,No,,No change. Jaisa ban na tha bana.,ZCLBA-153954,
6D2vYGY,PdvE0Ad,2026-05-15 08:28:00,Khar,No,Yes,No,,No,,No change. Jaisa ban na tha bana.,ZKRWT-196275,
q5AWq67,gDYAZLO,2026-05-15 08:28:57,Bandra Hill Road,No,Yes,No,,No,,No change. Jaisa ban na tha bana.,ZBDRA-355989,
LDWYjAG,gDYAZLO,2026-05-15 08:29:17,Bandra Hill Road,No,No,No,,No,,No change. Jaisa ban na tha bana.,ZBDRA-355990,
kb6WjZo,ja54xQY,2026-05-15 08:30:51,Colaba,No,No,No,,No,,No change. Jaisa ban na tha bana.,ZCLBA-153955,
peBWYZq,PdvE0Ad,2026-05-15 08:36:43,Khar,No,Yes,Yes,He compared branded and generic medicines,,,No change. Jaisa ban na tha bana.,ZKRWT-196279,There was difference of 1 ruppes in bill so customer preferred the branded or ethical medicine 
YjWYla5,A7AJlde,2026-05-15 08:39:33,Sanpada,No,No,No,,No,,No change. Jaisa ban na tha bana.,SANP-513818,
peBWpAV,gDYAZLO,2026-05-15 08:40:00,Bandra Hill Road,No,Yes,No,,Yes,Eye brow upar ki,No change. Jaisa ban na tha bana.,ZBDRA-355992,
bZxrQz1,ja54xQY,2026-05-15 08:41:21,Colaba,No,No,Yes,"Confirm kiya (eg ""Rate badha hai kya?""), Kafi behes ki price ke liye",,,No change. Jaisa ban na tha bana.,ZCLBA-153955,Pehle 1 leke gye phir jab wapas aye ek aur lene toh Naya stock ka rate dekh kar bhadak gye  
o9MdLaP,A7AJlde,2026-05-15 08:42:03,Sanpada,No,No,No,,No,,No change. Jaisa ban na tha bana.,SANP-513820,
J1ADv4J,PdvE0Ad,2026-05-15 08:42:38,Khar,No,Yes,No,,No,,No change. Jaisa ban na tha bana.,ZKRWT-196280,
8NQ8lAY,PdvE0Ad,2026-05-15 08:45:36,Khar,No,Yes,No,,No,,No change. Jaisa ban na tha bana.,ZKRWT-196281,
6D2vlrP,PdvE0Ad,2026-05-15 08:49:55,Khar,No,No,No,,No,,No change. Jaisa ban na tha bana.,ZKRWT-196282,
xVayA6y,PdvE0Ad,2026-05-15 08:54:44,Khar,No,Yes,No,,No,,No change. Jaisa ban na tha bana.,ZKRWT-196284,Was happy to receive free product 
ArLDVKB,eqKDBYx,2026-05-15 09:09:33,Goregaon W SV Road,No,Yes,No,,No,,No change. Jaisa ban na tha bana.,Zgwsv-68171,
WJ5MOak,gDYAZLO,2026-05-15 09:25:38,Bandra Hill Road,No,No,No,,No,,No change. Jaisa ban na tha bana.,ZBDRA-355998,
dbxDb5d,PdvE0Ad,2026-05-15 09:30:44,Khar,No,Yes,No,,No,,No change. Jaisa ban na tha bana.,ZKRWT-196288,
o9M794x,pbRdLAZ,2026-05-15 09:30:46,Goregaon,No,Yes,No,,No,,No change. Jaisa ban na tha bana.,ZGORE-394645,
kb67lko,ja54xQY,2026-05-15 09:33:12,Colaba,No,No,No,,No,,No change. Jaisa ban na tha bana.,ZCLBA-153959,
5X1GbJb,ja54xQY,2026-05-15 09:34:47,Colaba,No,No,No,,No,,No change. Jaisa ban na tha bana.,ZCLBA-153958,
LDWJzjv,pbRdLAZ,2026-05-15 09:38:52,Goregaon,No,No,No,,No,,No change. Jaisa ban na tha bana.,ZGORE-394549,
jeQ7b16,eqKDBYx,2026-05-15 09:39:47,Goregaon W SV Road,No,No,No,,No,,No change. Jaisa ban na tha bana.,Zgwsv-68172,
o9M7ezM,PdvE0Ad,2026-05-15 09:42:32,Khar,No,Yes,Yes,Price pucha,,,No change. Jaisa ban na tha bana.,ZKRWT-196289,
0V6JeOZ,ja54xQY,2026-05-15 09:49:54,Colaba,No,No,No,,No,,No change. Jaisa ban na tha bana.,ZCLBA-153960,Customer is smiling on service of pharmacist and reward from zeno  like discount on money 
PR5XzAd,gDYAZLO,2026-05-15 09:50:12,Bandra Hill Road,No,No,No,,No,,No change. Jaisa ban na tha bana.,ZBDRA-355999,
KplJV4M,pbRdLAZ,2026-05-15 09:52:25,Goregaon,No,No,Yes,Bas discount krne ke baad price puche nothing else,,,No change. Jaisa ban na tha bana.,ZGORE-394650,
5X1GxDE,PdvE0Ad,2026-05-15 09:56:51,Khar,No,Yes,No,,No,,No change. Jaisa ban na tha bana.,ZKRWT-196290,
Vp5MJkE,gDYAZLO,2026-05-15 09:58:11,Bandra Hill Road,No,No,No,,No,,No change. Jaisa ban na tha bana.,ZBDRA-356001,
aOYDYZ9,eqKDBYx,2026-05-15 10:00:24,Goregaon W SV Road,No,Yes,No,,No,,No change. Jaisa ban na tha bana.,Zgwsv-68174,
dbxDPar,ja54xQY,2026-05-15 10:16:17,Colaba,No,No,No,,No,,No change. Jaisa ban na tha bana.,ZCLBA-153962,
xVaPZl9,PdvE0Ad,2026-05-15 10:17:45,Khar,No,Yes,No,,No,,No change. Jaisa ban na tha bana.,ZKRWT-196291,
RW5JZ2p,eqKDBYx,2026-05-15 10:39:17,Goregaon W SV Road,No,No,No,,No,,No change. Jaisa ban na tha bana.,Zgwsv-68176,
2jNJOQe,gDYAZLO,2026-05-15 10:44:42,Bandra Hill Road,No,No,No,,No,,No change. Jaisa ban na tha bana.,ZBDRA-356004,
1W7JDdQ,gDYAZLO,2026-05-15 10:45:28,Bandra Hill Road,No,No,No,,No,,No change. Jaisa ban na tha bana.,ZBDRA-356006,
7X2VaVL,gDYAZLO,2026-05-15 10:50:33,Bandra Hill Road,No,No,No,,No,,No change. Jaisa ban na tha bana.,ZBDRA-356008,
8NQPRoY,eqKDBYx,2026-05-15 10:53:25,Goregaon W SV Road,No,No,No,,No,,No change. Jaisa ban na tha bana.,Zgwsv-68177,
e5e7zNQ,A7AJlde,2026-05-15 11:03:39,Sanpada,No,No,No,,No,,No change. Jaisa ban na tha bana.,SANP-513836,
M1zJVpY,ja54xQY,2026-05-15 11:05:24,Colaba,No,No,Yes,"Confirm kiya (eg ""Rate badha hai kya?"")",,,No change. Jaisa ban na tha bana.,ZCLBA-153970,
Vp5MxQM,pbRdLAZ,2026-05-15 11:06:37,Goregaon,No,No,No,,No,,No change. Jaisa ban na tha bana.,ZGORE-394652,
yX9E7Ag,A7AJlde,2026-05-15 11:09:08,Sanpada,No,No,No,,No,,No change. Jaisa ban na tha bana.,SANP-513837,
LDWJV7J,eqKDBYx,2026-05-15 11:10:42,Goregaon W SV Road,No,No,No,,No,,No change. Jaisa ban na tha bana.,Zgwsv-68182,
rDAdgM2,A7AJlde,2026-05-15 11:13:35,Sanpada,No,No,No,,No,,No change. Jaisa ban na tha bana.,SANP-513838,
lad7526,eqKDBYx,2026-05-15 11:17:33,Goregaon W SV Road,No,Yes,No,,No,,No change. Jaisa ban na tha bana.,Zgwsv-68183,
PR5Xe2d,pbRdLAZ,2026-05-15 11:24:25,Goregaon,No,Yes,Yes,"Confirm kiya (eg ""Rate badha hai kya?"")",,,No change. Jaisa ban na tha bana.,ZGORE-394655,
4axoDd5,ja54xQY,2026-05-15 11:29:53,Colaba,No,No,Yes,"Confirm kiya (eg ""Rate badha hai kya?"")",,,No change. Jaisa ban na tha bana.,ZCLBA-153971,
zEDrR60,eqKDBYx,2026-05-15 11:30:39,Goregaon W SV Road,No,No,No,,No,,No change. Jaisa ban na tha bana.,Zgwsv-68185,
o9M7Z7N,gDYAZLO,2026-05-15 11:37:12,Bandra Hill Road,No,No,No,,No,,No change. Jaisa ban na tha bana.,ZBDRA-356009,
vXyOaEl,gDYAZLO,2026-05-15 11:37:34,Bandra Hill Road,No,No,No,,No,,No change. Jaisa ban na tha bana.,ZBDRA-356012,
2jNJYVj,gDYAZLO,2026-05-15 11:38:03,Bandra Hill Road,No,No,No,,No,,No change. Jaisa ban na tha bana.,ZBDRA-356015,
EqQJG7q,PdvE0Ad,2026-05-15 11:38:51,Khar,No,Yes,Yes,"Confirm kiya (eg ""Rate badha hai kya?"")",No,,No change. Jaisa ban na tha bana.,ZKRWT-196295,Last time 30 rs ka lega 
DqdJODj,PdvE0Ad,2026-05-15 11:41:06,Khar,No,Yes,No,,No,,No change. Jaisa ban na tha bana.,ZKRWT-196296,
xVaPb09,eqKDBYx,2026-05-15 11:41:20,Goregaon W SV Road,No,No,No,,No,,No change. Jaisa ban na tha bana.,Zgwsv-68186,
PR5XZZe,A7AJlde,2026-05-15 11:47:04,Sanpada,No,No,No,,No,,No change. Jaisa ban na tha bana.,SANP-513839,
YjWM7Ed,ja54xQY,2026-05-15 11:47:53,Colaba,No,No,No,,No,,No change. Jaisa ban na tha bana.,ZCLBA-153972,Customer ne order 1 hafte pehle diya ushko recieve nhi hua  
EqQJO5N,PdvE0Ad,2026-05-15 11:52:23,Khar,No,Yes,Yes,How much discount?,,,No change. Jaisa ban na tha bana.,ZKRWT-196297,
LDWJrPj,eqKDBYx,2026-05-15 11:56:48,Goregaon W SV Road,No,No,No,,No,,No change. Jaisa ban na tha bana.,Zgwsv-68188,
PR5X79B,PdvE0Ad,2026-05-15 12:00:51,Khar,No,Yes,No,,No,,No change. Jaisa ban na tha bana.,ZKRWT-196299,
aOYDRpb,PdvE0Ad,2026-05-15 12:03:15,Khar,No,Yes,No,,No,,No change. Jaisa ban na tha bana.,ZKRWT-196300,
lad7JoV,ja54xQY,2026-05-15 12:14:28,Colaba,No,No,No,,No,,No change. Jaisa ban na tha bana.,ZCLBA-153973,
RW5J7Ld,ja54xQY,2026-05-15 12:15:36,Colaba,No,No,No,,No,,No change. Jaisa ban na tha bana.,ZCLBA-153974,
6D2Ob8O,PdvE0Ad,2026-05-15 12:18:26,Khar,No,Yes,No,,No,,No change. Jaisa ban na tha bana.,ZKRWT-196302,
OQ5B1RM,pbRdLAZ,2026-05-15 12:25:53,Goregaon,No,No,No,,No,,No change. Jaisa ban na tha bana.,ZGORE-394662,
YjWz566,A7AJlde,2026-05-15 12:29:38,Sanpada,No,No,No,,No,,No change. Jaisa ban na tha bana.,SANP-513849,
KplBpYD,A7AJlde,2026-05-15 12:30:15,Sanpada,No,No,No,,No,,No change. Jaisa ban na tha bana.,SANP-513848,Part 1 of bill SANP-513849.
NqWBr5W,gDYAZLO,2026-05-15 12:33:44,Bandra Hill Road,No,Yes,No,,No,,No change. Jaisa ban na tha bana.,ZBDRA-356018,
EqQbKKL,PdvE0Ad,2026-05-15 12:34:01,Khar,No,Yes,No,,No,,No change. Jaisa ban na tha bana.,ZKRWT-196307,
EqQbKAL,PdvE0Ad,2026-05-15 12:35:48,Khar,No,Yes,No,,No,,No change. Jaisa ban na tha bana.,ZKRWT-196307,
o9MVeYV,A7AJlde,2026-05-15 12:43:20,Sanpada,No,No,No,,Yes,Eye brow upar ki,No change. Jaisa ban na tha bana.,SANP-513852,
YjWz066,gDYAZLO,2026-05-15 12:43:52,Bandra Hill Road,No,No,No,,No,,No change. Jaisa ban na tha bana.,ZBDRA-356021,
8NQpa0k,A7AJlde,2026-05-15 12:44:16,Sanpada,No,No,No,,No,,No change. Jaisa ban na tha bana.,SANP-513853,
0V6jBpP,eqKDBYx,2026-05-15 12:44:16,Goregaon W SV Road,No,No,No,,No,,No change. Jaisa ban na tha bana.,Zgwsv-68199,
0V6j8rA,gDYAZLO,2026-05-15 12:44:27,Bandra Hill Road,No,No,No,,No,,No change. Jaisa ban na tha bana.,ZBDRA-356022,
aOYr2EB,ja54xQY,2026-05-15 12:49:19,Colaba,No,No,No,,No,,No change. Jaisa ban na tha bana.,ZCLBA-153975,
jeQ9PPY,pbRdLAZ,2026-05-15 12:52:27,Goregaon,No,No,No,,No,,No change. Jaisa ban na tha bana.,ZGORE-394668,
NqWBWpl,gDYAZLO,2026-05-15 12:55:21,Bandra Hill Road,No,No,No,,No,,No change. Jaisa ban na tha bana.,ZBDRA-356025,
ArLbLbl,A7AJlde,2026-05-15 12:56:43,Sanpada,No,No,No,,No,,No change. Jaisa ban na tha bana.,SANP-513855,
PR5B5b1,A7AJlde,2026-05-15 12:57:04,Sanpada,No,No,No,,No,,No change. Jaisa ban na tha bana.,SANP-513856,
BEkbkl5,gDYAZLO,2026-05-15 12:57:47,Bandra Hill Road,No,Yes,Yes,"Mol bhaav kiya (eg ""Discount badha do""), Confirm kiya (eg ""Rate badha hai kya?"")",,,No change. Jaisa ban na tha bana.,ZBDRA-356026,
o9MVMN1,PdvE0Ad,2026-05-15 12:58:06,Khar,No,Yes,No,,No,,No change. Jaisa ban na tha bana.,ZKRWT-196312,
1W727LL,A7AJlde,2026-05-15 12:58:36,Sanpada,No,No,No,,No,,No change. Jaisa ban na tha bana.,SANP-513857,Just enquired about the coins.
EqQbXPX,eqKDBYx,2026-05-15 12:59:55,Goregaon W SV Road,No,No,No,,No,,No change. Jaisa ban na tha bana.,Zgwsv-68201,
M1zdbgk,A7AJlde,2026-05-15 13:01:13,Sanpada,No,No,No,,No,,No change. Jaisa ban na tha bana.,SANP-513858,
RW5B0yd,A7AJlde,2026-05-15 13:01:46,Sanpada,No,No,No,,No,,No change. Jaisa ban na tha bana.,SANP-513859,
J1Ak2Vd,A7AJlde,2026-05-15 13:03:47,Sanpada,No,No,No,,No,,No change. Jaisa ban na tha bana.,SANP-513860,
Z96Rd0z,A7AJlde,2026-05-15 13:05:32,Sanpada,No,No,No,,No,,No change. Jaisa ban na tha bana.,SANP-513861,
bZx4kjE,ja54xQY,2026-05-15 13:06:14,Bandra Hill Road,No,No,No,,No,,No change. Jaisa ban na tha bana.,ZCLBA-153977,
q5AEB15,pbRdLAZ,2026-05-15 13:08:35,Goregaon,No,No,No,,No,,No change. Jaisa ban na tha bana.,ZGORE-394670,
9NDJ18E,pbRdLAZ,2026-05-15 13:08:52,Goregaon,No,No,No,,No,,No change. Jaisa ban na tha bana.,ZGORE-394672,
rDArE5l,ja54xQY,2026-05-15 13:09:36,Colaba,No,No,No,,No,,No change. Jaisa ban na tha bana.,ZCLBA-153978,
GedB0Kp,gDYAZLO,2026-05-15 13:09:40,Bandra Hill Road,No,No,No,,No,,No change. Jaisa ban na tha bana.,ZBDRA-356031,
Qo5B05A,PdvE0Ad,2026-05-15 13:10:06,Khar,No,Yes,No,,No,,No change. Jaisa ban na tha bana.,ZKRWT-196314,
X5WBqWd,gDYAZLO,2026-05-15 13:10:08,Bandra Hill Road,No,Yes,No,,No,,No change. Jaisa ban na tha bana.,ZBDRA-356032,
9NDJlOK,gDYAZLO,2026-05-15 13:10:36,Bandra Hill Road,No,No,No,,No,,No change. Jaisa ban na tha bana.,ZBDRA-356030,
YjWzdxW,gDYAZLO,2026-05-15 13:11:13,Bandra Hill Road,No,No,No,,No,,No change. Jaisa ban na tha bana.,ZBDRA-356029,
bZx4OvZ,ja54xQY,2026-05-15 13:11:17,Colaba,No,No,No,,No,,Bana hi nahin. Customer chale gaye.,No number ,Due to lack of stock 
aOYrGlB,pbRdLAZ,2026-05-15 13:11:28,Goregaon,No,No,No,,No,,No change. Jaisa ban na tha bana.,ZGORE-394673,
YjWzdeB,gDYAZLO,2026-05-15 13:11:36,Bandra Hill Road,No,No,No,,No,,No change. Jaisa ban na tha bana.,ZBDRA-356028,
RW5BRaj,PdvE0Ad,2026-05-15 13:15:25,Khar,No,Yes,No,,No,,No change. Jaisa ban na tha bana.,ZKRWT-196315,
jeQ9WLx,PdvE0Ad,2026-05-15 13:17:50,Khar,No,Yes,No,,No,,No change. Jaisa ban na tha bana.,ZKRWT-196316,
yX9qv5x,ja54xQY,2026-05-15 13:19:37,Colaba,No,No,No,,No,,No change. Jaisa ban na tha bana.,ZCLBA-153980,
YjWzYN5,pbRdLAZ,2026-05-15 13:20:04,Goregaon,No,No,No,,No,,No change. Jaisa ban na tha bana.,ZGORE-394675,
yX9qEY6,pbRdLAZ,2026-05-15 13:20:54,Goregaon,No,No,No,,No,,No change. Jaisa ban na tha bana.,ZGORE-394676,
rDArd15,PdvE0Ad,2026-05-15 13:22:45,Khar,No,No,No,,No,,No change. Jaisa ban na tha bana.,ZKRWT-196317,
KplBJZK,gDYAZLO,2026-05-15 13:22:49,Bandra Hill Road,No,Yes,Yes,"Ab kuch saste nhi ho tum log, Mol bhaav kiya (eg ""Discount badha do"")",,,Partial- due to medicines which is needed not available,ZBDRA-356034,
xVaNPK5,A7AJlde,2026-05-15 13:23:50,Sanpada,No,No,No,,No,,No change. Jaisa ban na tha bana.,SANP-513863,
Qo5BB27,ja54xQY,2026-05-15 13:24:09,Colaba,No,No,No,,No,,No change. Jaisa ban na tha bana.,ZCLBA-153982,
dbx22AN,gDYAZLO,2026-05-15 13:25:12,Bandra Hill Road,No,No,No,,No,,No change. Jaisa ban na tha bana.,ZBDRA-356035 / ZBDRA-356037,
rDArrVp,ja54xQY,2026-05-15 13:25:23,Colaba,No,No,No,,No,,No change. Jaisa ban na tha bana.,ZCLBA-153983,
J1AkkWR,eqKDBYx,2026-05-15 13:26:01,Goregaon W SV Road,No,No,No,,No,,No change. Jaisa ban na tha bana.,Zgwsv-68202,
J1AkkBo,A7AJlde,2026-05-15 13:26:17,Sanpada,No,No,Yes,"Confirm kiya (eg ""Rate badha hai kya?""), Remebered and pulled history of previous bill.",No,,No change. Jaisa ban na tha bana.,SANP-513864,
GedBB2e,A7AJlde,2026-05-15 13:27:46,Sanpada,No,No,No,,No,,No change. Jaisa ban na tha bana.,SANP-513866,
dbx2Zbd,eqKDBYx,2026-05-15 13:28:11,Goregaon W SV Road,No,No,No,,No,,No change. Jaisa ban na tha bana.,Zgwsv-68203,
o9MV0B1,pbRdLAZ,2026-05-15 13:29:11,Goregaon,No,No,No,,No,,No change. Jaisa ban na tha bana.,ZGORE-394677,
KplBP0M,PdvE0Ad,2026-05-15 13:29:14,Khar,No,Yes,Yes,Compared prices between ethical and generic,,,No change. Jaisa ban na tha bana.,ZKRWT-196318,
X5WBRvg,PdvE0Ad,2026-05-15 13:30:52,Khar,No,Yes,No,,No,,No change. Jaisa ban na tha bana.,ZKRWT-196321,
X5WBOM4,ja54xQY,2026-05-15 13:33:22,Colaba,No,Yes,No,,No,,No change. Jaisa ban na tha bana.,ZCLBA-153984,
OQ5B8dp,ja54xQY,2026-05-15 13:33:47,Colaba,No,No,No,,No,,No change. Jaisa ban na tha bana.,ZCLBA-153985,
OQ5Bd4A,gDYAZLO,2026-05-15 13:36:13,Bandra Hill Road,No,Yes,No,,No,,No change. Jaisa ban na tha bana.,ZBDRA-356038,
GedBX7j,eqKDBYx,2026-05-15 13:38:05,Goregaon W SV Road,No,Yes,No,,No,,No change. Jaisa ban na tha bana.,Zgwsv-68205,
6D2QABA,A7AJlde,2026-05-15 13:39:00,Sanpada,No,No,No,,No,,No change. Jaisa ban na tha bana.,SANP-513868,
NqWBbqQ,eqKDBYx,2026-05-15 13:39:54,Goregaon W SV Road,No,No,No,,No,,No change. Jaisa ban na tha bana.,Zgwsv-68206,
gbMNJYD,ja54xQY,2026-05-15 13:41:26,Colaba,No,No,No,,No,,No change. Jaisa ban na tha bana.,ZCLBA-153986,
RW5BbgJ,ja54xQY,2026-05-15 13:42:07,Colaba,No,No,No,,No,,No change. Jaisa ban na tha bana.,ZCLBA-153987,
rDArJZp,pbRdLAZ,2026-05-15 13:42:50,Goregaon,No,No,Yes,Discount mange,,,No change. Jaisa ban na tha bana.,ZGORE-394680,
ladlMrB,PdvE0Ad,2026-05-15 13:44:06,Khar,No,Yes,No,,No,,No change. Jaisa ban na tha bana.,ZKRWT-196327,
xVaNvvE,pbRdLAZ,2026-05-15 13:49:16,Goregaon,No,No,No,,No,,No change. Jaisa ban na tha bana.,ZGORE-394682,
DqdvMbE,pbRdLAZ,2026-05-15 13:49:33,Goregaon,No,No,No,,No,,No change. Jaisa ban na tha bana.,ZGORE-394683,
YjWz9y0,ja54xQY,2026-05-15 13:53:45,Colaba,No,No,No,,No,,No change. Jaisa ban na tha bana.,ZCLBA-153988,
Vp51NAl,gDYAZLO,2026-05-15 13:53:51,Bandra Hill Road,No,No,No,,No,,No change. Jaisa ban na tha bana.,ZBDRA-356040,
EqQb6EL,pbRdLAZ,2026-05-15 13:53:52,Goregaon,No,No,No,,No,,No change. Jaisa ban na tha bana.,ZGORE-394684,
xVaN62k,PdvE0Ad,2026-05-15 13:56:22,Khar,No,Yes,No,,No,,No change. Jaisa ban na tha bana.,ZKRWT-196329,
Z96RQ0V,PdvE0Ad,2026-05-15 13:58:27,Khar,No,Yes,No,,No,,No change. Jaisa ban na tha bana.,ZKRWT-196330,
2jNxVBj,PdvE0Ad,2026-05-15 13:59:08,Khar,No,Yes,No,,No,,No change. Jaisa ban na tha bana.,ZKRWT-196331,
M1zdPRX,PdvE0Ad,2026-05-15 13:59:29,Khar,No,Yes,No,,No,,No change. Jaisa ban na tha bana.,ZKRWT-196332,
q5AEgWk,gDYAZLO,2026-05-15 14:00:05,Bandra Hill Road,No,Yes,No,,No,,No change. Jaisa ban na tha bana.,ZBDRA-356041,
vXyxg10,A7AJlde,2026-05-15 14:01:15,Sanpada,No,No,Yes,"Just kept asking for discount, said nothing regarding price hike. Got 59/- based on coins., Mol bhaav kiya (eg ""Discount badha do"")",,,No change. Jaisa ban na tha bana.,SANP-513874,
BEkb6P4,PdvE0Ad,2026-05-15 14:02:20,Khar,No,Yes,No,,Yes,Eye brow upar ki,No change. Jaisa ban na tha bana.,ZKRWT-196333,
rDArpll,A7AJlde,2026-05-15 14:03:26,Sanpada,No,No,No,,No,,No change. Jaisa ban na tha bana.,SANP-513875,
kb6RpY1,ja54xQY,2026-05-15 14:03:27,Colaba,No,No,Yes,Discount kitna hai,,,No change. Jaisa ban na tha bana.,ZCLBA-153989,
7X29eB9,A7AJlde,2026-05-15 14:06:21,Sanpada,No,No,No,,No,,No change. Jaisa ban na tha bana.,SANP-513877,
vXyxb2D,ja54xQY,2026-05-15 14:07:40,Colaba,No,No,No,,No,,No change. Jaisa ban na tha bana.,ZCLBA-153991,
0V6j5aZ,gDYAZLO,2026-05-15 14:08:34,Bandra Hill Road,No,No,No,,No,,No change. Jaisa ban na tha bana.,ZBDRA-356043,
peBP9zZ,eqKDBYx,2026-05-15 14:08:40,Goregaon W SV Road,No,No,No,,No,,No change. Jaisa ban na tha bana.,Zgwsv-68207,
gbMNrlD,PdvE0Ad,2026-05-15 14:09:45,Khar,No,Yes,No,,No,,No change. Jaisa ban na tha bana.,ZKRWT-196335,
DqdvyQR,A7AJlde,2026-05-15 14:10:06,Sanpada,No,No,No,,Yes,Eye brow upar ki,No change. Jaisa ban na tha bana.,SANP-513878,
o9MV16e,ja54xQY,2026-05-15 14:10:24,Colaba,No,No,No,,No,,No change. Jaisa ban na tha bana.,ZCLBA-153992,
peBP1G1,A7AJlde,2026-05-15 14:11:42,Sanpada,No,No,No,,No,,No change. Jaisa ban na tha bana.,SANP-513879,
PR5BWD5,A7AJlde,2026-05-15 14:14:32,Sanpada,No,No,No,,No,,No change. Jaisa ban na tha bana.,SANP-513880,
6D2QGDA,pbRdLAZ,2026-05-15 14:18:00,Goregaon,No,No,No,,No,,No change. Jaisa ban na tha bana.,ZGORE-394685,
EqQbedB,pbRdLAZ,2026-05-15 14:18:17,Goregaon,No,No,No,,No,,No change. Jaisa ban na tha bana.,ZGORE-394686,
J1AkbVY,ja54xQY,2026-05-15 14:19:23,Colaba,No,Yes,No,,Yes,Eye brow upar ki,No change. Jaisa ban na tha bana.,ZCLBA-153994,He want a black polythene for medicine because they don't want anyone to see his medicine 
5X1qopv,PdvE0Ad,2026-05-15 14:19:42,Khar,No,Yes,No,,No,,No change. Jaisa ban na tha bana.,ZKRWT-196338,
KplBAOg,ja54xQY,2026-05-15 14:20:03,Colaba,No,Yes,No,,No,,No change. Jaisa ban na tha bana.,ZCLBA-153995,
WJ5p6OQ,A7AJlde,2026-05-15 14:21:40,Sanpada,No,No,No,,No,,No change. Jaisa ban na tha bana.,SANP-513883,
BEkbYa4,PdvE0Ad,2026-05-15 14:21:47,Khar,No,Yes,No,,No,,No change. Jaisa ban na tha bana.,ZKRWT-196339,
xVaN7rE,eqKDBYx,2026-05-15 14:21:49,Goregaon W SV Road,No,No,No,,No,,No change. Jaisa ban na tha bana.,Zgwsv-68209,
PR5BNlV,A7AJlde,2026-05-15 14:22:48,Sanpada,No,No,No,,No,,No change. Jaisa ban na tha bana.,SANP-513884,
OQ5BZkp,ja54xQY,2026-05-15 14:23:34,Colaba,No,No,No,,No,,No change. Jaisa ban na tha bana.,ZCLBA-153997,
rDArQxl,A7AJlde,2026-05-15 14:25:14,Sanpada,No,No,No,,No,,No change. Jaisa ban na tha bana.,SANP-513886,
4axN0xd,pbRdLAZ,2026-05-15 14:26:13,Goregaon,No,No,No,,No,,No change. Jaisa ban na tha bana.,ZGORE-294688,
kb6R8dR,PdvE0Ad,2026-05-15 14:29:31,Khar,No,Yes,No,,No,,No change. Jaisa ban na tha bana.,ZKRWT-196340,
Qo5BN18,A7AJlde,2026-05-15 14:29:41,Sanpada,No,No,No,,No,,No change. Jaisa ban na tha bana.,SANP-513888,
gbMN8GN,A7AJlde,2026-05-15 14:30:09,Sanpada,No,No,No,,No,,No change. Jaisa ban na tha bana.,SANP-513889,
PR5BZ5Q,eqKDBYx,2026-05-15 14:30:17,Goregaon W SV Road,No,Yes,No,,No,,No change. Jaisa ban na tha bana.,"Zgwsv-68210 ,68212",
BEkbJRA,PdvE0Ad,2026-05-15 14:32:27,Khar,No,Yes,No,,No,,No change. Jaisa ban na tha bana.,ZKRWT-196341,
5X1qPoE,eqKDBYx,2026-05-15 14:35:59,Goregaon W SV Road,No,No,No,,No,,No change. Jaisa ban na tha bana.,Zgwsv-68213,
ArLbXKl,PdvE0Ad,2026-05-15 14:37:25,Khar,No,Yes,No,,No,,No change. Jaisa ban na tha bana.,ZKRWT-196343,
RW5B94j,gDYAZLO,2026-05-15 14:38:07,Bandra Hill Road,No,No,No,,No,,No change. Jaisa ban na tha bana.,ZBDRA-356044,
ladlEkN,PdvE0Ad,2026-05-15 14:40:08,Khar,No,Yes,No,,No,,No change. Jaisa ban na tha bana.,ZKRWT-196344,
1W72eAM,A7AJlde,2026-05-15 14:41:02,Sanpada,No,No,No,,No,,No change. Jaisa ban na tha bana.,SANP-513894,
4axN6Jo,pbRdLAZ,2026-05-15 14:41:24,Goregaon,No,No,No,,No,,No change. Jaisa ban na tha bana.,ZGORE-394690,
OQ5B2Gk,pbRdLAZ,2026-05-15 14:41:42,Goregaon,No,No,No,,No,,No change. Jaisa ban na tha bana.,ZGORE-394691,
J1AkPGJ,eqKDBYx,2026-05-15 14:43:12,Goregaon W SV Road,No,No,No,,No,,No change. Jaisa ban na tha bana.,Zgwsv-68215,
2jNxWQ9,A7AJlde,2026-05-15 14:44:33,Sanpada,No,No,No,,No,,No change. Jaisa ban na tha bana.,SANP-513895,
Dqdvjp5,ja54xQY,2026-05-15 14:45:11,Colaba,No,No,No,,No,,No change. Jaisa ban na tha bana.,ZCLBA-153999,
Qo5BbxY,pbRdLAZ,2026-05-15 14:46:16,Goregaon,No,No,No,,No,,No change. Jaisa ban na tha bana.,ZGORE-394692,
e5exVP0,A7AJlde,2026-05-15 14:47:12,Sanpada,No,No,No,,No,,No change. Jaisa ban na tha bana.,SANP-513897,
KplBXpX,A7AJlde,2026-05-15 14:48:48,Sanpada,No,No,Yes,"Confirm kiya (eg ""Rate badha hai kya?""), Hairaan hue (eg ""Arre phir se rate badha diye?""), Said ""Rate bhadte hi jaa rha hai.""",,,No change. Jaisa ban na tha bana.,SANP-513896,
KplBX48,ja54xQY,2026-05-15 14:51:30,Colaba,No,No,No,,No,,No change. Jaisa ban na tha bana.,ZCLBA-154000,
9NDJeAp,eqKDBYx,2026-05-15 14:51:43,Goregaon W SV Road,No,No,No,,No,,No change. Jaisa ban na tha bana.,Zgwsv-68216,
RW5BpxQ,ja54xQY,2026-05-15 14:52:48,Colaba,No,No,No,,No,,No change. Jaisa ban na tha bana.,ZCLBA-154001,
yX9qL1W,ja54xQY,2026-05-15 14:54:40,Colaba,No,No,No,,No,,No change. Jaisa ban na tha bana.,ZCLBA-154002,
5X1qRyd,gDYAZLO,2026-05-15 14:56:10,Bandra Hill Road,No,No,No,,No,,No change. Jaisa ban na tha bana.,ZBDRA-356045,
peBP8Oy,eqKDBYx,2026-05-15 14:57:01,Goregaon W SV Road,No,No,No,,No,,No change. Jaisa ban na tha bana.,Zgwsv-68217,
PR5BVaV,PdvE0Ad,2026-05-15 14:59:57,Khar,No,Yes,Yes,"Confirm kiya (eg ""Rate badha hai kya?"")",,,No change. Jaisa ban na tha bana.,ZKRWT-1963436,
kb6RVN6,PdvE0Ad,2026-05-15 15:00:42,Khar,No,Yes,No,,No,,No change. Jaisa ban na tha bana.,ZKRWT-196347,
kb6RV7Z,ja54xQY,2026-05-15 15:01:30,Colaba,No,No,No,,No,,No change. Jaisa ban na tha bana.,ZCLBA-154004,
RW5B7lJ,PdvE0Ad,2026-05-15 15:02:29,Khar,No,Yes,No,,No,,No change. Jaisa ban na tha bana.,ZKRWT-196348,
vXyx7Gl,A7AJlde,2026-05-15 15:03:56,Sanpada,No,No,No,,No,,No change. Jaisa ban na tha bana.,SANP-513903,
1W72Z9Q,pbRdLAZ,2026-05-15 15:04:30,Goregaon,No,No,No,,No,,No change. Jaisa ban na tha bana.,ZGORE-394694,
Qo5BgJk,A7AJlde,2026-05-15 15:05:14,Sanpada,No,No,No,,No,,No change. Jaisa ban na tha bana.,SANP-513904,
9NDJLr5,ja54xQY,2026-05-15 15:06:02,Colaba,No,No,Yes,"Confirm kiya (eg ""Rate badha hai kya?"")",,,No change. Jaisa ban na tha bana.,ZCLBA-154006,
bZx2V6E,eqKDBYx,2026-05-15 15:09:33,Goregaon W SV Road,No,No,No,,No,,No change. Jaisa ban na tha bana.,Zgwsv-68218,
DqdX2Mp,ja54xQY,2026-05-15 15:09:36,Colaba,No,No,No,,No,,No change. Jaisa ban na tha bana.,ZCLBA-154007,
PR52doe,ja54xQY,2026-05-15 15:14:38,Colaba,No,No,No,,No,,No change. Jaisa ban na tha bana.,ZCLBA-154008,
aOYjO02,eqKDBYx,2026-05-15 15:16:15,Goregaon W SV Road,No,No,No,,No,,No change. Jaisa ban na tha bana.,Zgwsv-68220,
Qo5xolk,A7AJlde,2026-05-15 15:18:07,Sanpada,No,No,No,,No,,No change. Jaisa ban na tha bana.,SANP-513907,
lad0axV,ja54xQY,2026-05-15 15:18:21,Colaba,No,Yes,No,,No,,No change. Jaisa ban na tha bana.,ZCLBA-154009,
ArL6zKD,eqKDBYx,2026-05-15 15:19:04,Goregaon W SV Road,No,No,No,,No,,No change. Jaisa ban na tha bana.,Zgwsv-68221,
peB0d0V,A7AJlde,2026-05-15 15:24:04,Sanpada,No,No,No,,No,,No change. Jaisa ban na tha bana.,SANP-513909,
rDA0aeR,A7AJlde,2026-05-15 15:30:04,Sanpada,No,No,No,,No,,No change. Jaisa ban na tha bana.,SANP-513909,
J1AeMKY,PdvE0Ad,2026-05-16 05:18:22,Khar,No,Yes,No,,No,,No change. Jaisa ban na tha bana.,ZKRWT-196377,
RW5bkWP,PdvE0Ad,2026-05-16 05:18:39,Khar,No,Yes,No,,No,,No change. Jaisa ban na tha bana.,ZKRWT-196378,
o9M5vgX,PdvE0Ad,2026-05-16 05:22:54,Khar,No,Yes,No,,Yes,Eye brow upar ki,Bana hi nahin. Customer chale gaye.,35515388,Rovasaid gold 20 customer wanted to buy 4 strips saw the price and was disappointed said I will come later 
BEkj0PQ,ja54xQY,2026-05-16 05:25:45,Colaba,No,No,Yes,"Confirm kiya (eg ""Rate badha hai kya?"")",,,No change. Jaisa ban na tha bana.,ZCLBA-154026,
YjWJ9kB,pbRdLAZ,2026-05-16 05:30:10,Goregaon,No,No,No,,No,,No change. Jaisa ban na tha bana.,ZGORE-394724,
rDAJqAM,ja54xQY,2026-05-16 05:35:07,Colaba,No,No,Yes,"Confirm kiya (eg ""Rate badha hai kya?"")",,,No change. Jaisa ban na tha bana.,ZCLBA-154027,
vXyJWzl,PdvE0Ad,2026-05-16 05:37:47,Khar,No,Yes,No,,No,,No change. Jaisa ban na tha bana.,ZKRWT-196380,
kb6JrjM,PdvE0Ad,2026-05-16 05:39:26,Khar,No,Yes,No,,No,,No change. Jaisa ban na tha bana.,ZKRWT-196381,
8NQ62Lz,ja54xQY,2026-05-16 05:42:15,Colaba,No,Yes,No,,No,,No change. Jaisa ban na tha bana.,ZCLBA-154029,
rDAJgO2,PdvE0Ad,2026-05-16 05:42:19,Khar,No,Yes,No,,Yes,Eye brow upar ki,No change. Jaisa ban na tha bana.,ZKRWT-196382,Repeated the price amount twice but buyed later
RW5b2pl,PdvE0Ad,2026-05-16 05:48:12,Khar,No,Yes,No,,No,,New customer,ZKRWT-196383,
GedqgRO,ja54xQY,2026-05-16 05:50:15,Colaba,No,No,No,,No,,No change. Jaisa ban na tha bana.,ZCLBA-154030,Other medicine not available in stock 
OQ5byPM,PdvE0Ad,2026-05-16 05:58:39,Khar,No,Yes,No,,No,,No change. Jaisa ban na tha bana.,ZKRWT-196385,
gbMJrpd,pbRdLAZ,2026-05-16 06:01:01,Goregaon,No,Yes,No,,No,,No change. Jaisa ban na tha bana.,ZGORE-394725,
kb6J1ko,PdvE0Ad,2026-05-16 06:07:25,Khar,No,No,No,,No,,No change. Jaisa ban na tha bana.,ZKRWT-196387,
bZxYEoo,PdvE0Ad,2026-05-16 06:17:15,Khar,No,Yes,Yes,"Confirm kiya (eg ""Rate badha hai kya?""), Reason poocha (eg ""Kyun badhaaya?""), Mol bhaav kiya (eg ""Discount badha do"")",,,Bana hi nahin. Customer chale gaye.,41034508,Customer was dissatisfied with the price change of medicine(Goodcaltrol tm 500) he didn't buy the medicines 
xVaR7pE,PdvE0Ad,2026-05-16 06:27:07,Khar,No,Yes,Yes,Kitna coins hai?,No,,No change. Jaisa ban na tha bana.,ZKRWT-196388,She said that now she buys medicines from other medical recommended by doctor as zeno don't give discount also
aOYAJzb,PdvE0Ad,2026-05-16 06:36:37,Khar,No,Yes,No,,No,,No change. Jaisa ban na tha bana.,ZKRWT-196389,
PR5bQgV,ja54xQY,2026-05-16 06:37:08,Colaba,No,No,No,,No,,No change. Jaisa ban na tha bana.,ZCLBA-154033,
X5W8ApV,ja54xQY,2026-05-16 06:38:51,Colaba,No,No,No,,No,,No change. Jaisa ban na tha bana.,ZCLBA-154031,
q5AJ8z5,PdvE0Ad,2026-05-16 06:43:20,Khar,No,Yes,No,,No,,No change. Jaisa ban na tha bana.,ZKRWT-196391,
NqWb2O0,ja54xQY,2026-05-16 06:43:37,Colaba,No,No,No,,No,,No change. Jaisa ban na tha bana.,ZCLBA-154034,
Qo5zNl8,PdvE0Ad,2026-05-16 06:44:57,Khar,No,Yes,No,,No,,No change. Jaisa ban na tha bana.,ZKRWT-196392,
e5e0WVe,PdvE0Ad,2026-05-16 06:52:24,Khar,No,Yes,No,,No,,New customer,ZKRWT-196393,
bZxYpJE,PdvE0Ad,2026-05-16 07:06:08,Khar,No,Yes,No,,No,,No change. Jaisa ban na tha bana.,ZKRWT-196395,
Vp5bK0v,pbRdLAZ,2026-05-16 07:08:47,Goregaon,No,No,No,,No,,No change. Jaisa ban na tha bana.,ZGORE-394734,
bZxYolo,pbRdLAZ,2026-05-16 07:09:02,Goregaon,No,No,No,,No,,No change. Jaisa ban na tha bana.,ZGORE-394735,
GedqZ0j,pbRdLAZ,2026-05-16 07:09:18,Goregaon,No,No,No,,No,,No change. Jaisa ban na tha bana.,ZGORE-394736,
bZxYo82,ja54xQY,2026-05-16 07:09:42,Colaba,No,No,No,,No,,No change. Jaisa ban na tha bana.,ZCLBA-154037,
NqWbaeb,ja54xQY,2026-05-16 07:13:56,Colaba,No,Yes,No,,No,,Bana hi nahin. Customer chale gaye.,9769885491,Customer ko 3 din ke liye dwa bol  rha tha 
Qo5zGxg,ja54xQY,2026-05-16 07:17:06,Colaba,No,No,No,,No,,Bana hi nahin. Customer chale gaye.,No number ,Agar koi customer morning me order kare toh shaam tak wo dwa mil jaye 
5X1eRdN,PdvE0Ad,2026-05-16 07:22:47,Khar,No,Yes,No,,No,,No change. Jaisa ban na tha bana.,ZKRWT-196398,
vXyJoA8,pbRdLAZ,2026-05-16 07:29:19,Goregaon,No,No,No,,No,,No change. Jaisa ban na tha bana.,ZGORE-394737,
aOYA8Dy,pbRdLAZ,2026-05-16 07:37:00,Goregaon,No,Yes,No,,No,,No change. Jaisa ban na tha bana.,GORE-394739,
jeQJdoQ,PdvE0Ad,2026-05-16 07:42:14,Khar,No,No,No,,No,,No change. Jaisa ban na tha bana.,ZKRWT-196401,
ArLjPoD,PdvE0Ad,2026-05-16 07:53:42,Khar,No,Yes,No,,No,,No change. Jaisa ban na tha bana.,ZKRWT-196404,
Z96Z9xa,pbRdLAZ,2026-05-16 08:05:32,Goregaon,No,No,No,,No,,No change. Jaisa ban na tha bana.,ZGORE-394745,
2jNDBOL,PdvE0Ad,2026-05-16 08:16:00,Khar,No,Yes,No,,No,,No change. Jaisa ban na tha bana.,ZKRWT-196408,
6D2pezo,PdvE0Ad,2026-05-16 08:17:43,Khar,No,Yes,No,,No,,No change. Jaisa ban na tha bana.,ZKRWT-196409,
BEk2XQ4,pbRdLAZ,2026-05-16 08:54:35,Goregaon,No,No,No,,No,,No change. Jaisa ban na tha bana.,ZGORE-394754,
bZx6LAZ,PdvE0Ad,2026-05-16 09:21:06,Khar,No,Yes,No,,No,,No change. Jaisa ban na tha bana.,ZKRWT-196414,
LDW6JPy,ja54xQY,2026-05-16 09:31:54,Colaba,No,No,No,,No,,No change. Jaisa ban na tha bana.,ZCLBA-154039,
BEk2QBQ,PdvE0Ad,2026-05-16 09:32:49,Khar,No,Yes,No,,No,,No change. Jaisa ban na tha bana.,ZKRWT-196416,
e5eYNWE,ja54xQY,2026-05-16 09:48:29,Colaba,No,Yes,No,,Yes,Eye brow upar ki,No change. Jaisa ban na tha bana.,ZCLBA-154040,
o9MklO1,ja54xQY,2026-05-16 09:51:42,Colaba,No,No,No,,No,,No change. Jaisa ban na tha bana.,ZCLBA-154041,
X5W2z5L,ja54xQY,2026-05-16 10:14:20,Colaba,No,No,No,,No,,No change. Jaisa ban na tha bana.,ZCLBA-154042,
4axpzaA,PdvE0Ad,2026-05-16 10:14:23,Khar,No,Yes,No,,No,,No change. Jaisa ban na tha bana.,ZKRWT-196418,
4axpzDX,PdvE0Ad,2026-05-16 10:17:59,Khar,No,Yes,No,,No,,No change. Jaisa ban na tha bana.,ZKRWT-196419,
yX9d7Yd,PdvE0Ad,2026-05-16 10:26:45,Khar,No,Yes,Yes,"Confirm kiya (eg ""Rate badha hai kya?""), Reason poocha (eg ""Kyun badhaaya?"")",,,No change. Jaisa ban na tha bana.,ZKRWT-196421,
q5AkNO9,PdvE0Ad,2026-05-16 10:27:35,Khar,No,Yes,No,,No,,No change. Jaisa ban na tha bana.,ZKRWT-196422,
ladM9Mk,PdvE0Ad,2026-05-16 10:58:38,Khar,No,Yes,No,,No,,No change. Jaisa ban na tha bana.,ZKRWT-196423,
5X1po2P,PdvE0Ad,2026-05-16 11:03:07,Khar,No,Yes,No,,No,,New customer,ZKRWT-196424,
4axpVN5,PdvE0Ad,2026-05-16 11:26:10,Khar,No,Yes,No,,No,,No change. Jaisa ban na tha bana.,ZKRWT-196425,
GedQAqe,pbRdLAZ,2026-05-16 11:26:33,Goregaon,No,No,Yes,"Confirm kiya (eg ""Rate badha hai kya?""), Pehle maine liya tha kam tha abhi itna badh gya",,,No change. Jaisa ban na tha bana.,ZGORE-394769,
X5W2VPd,ja54xQY,2026-05-16 12:08:43,Colaba,No,No,No,,No,,No change. Jaisa ban na tha bana.,ZCLBA-154048,
KplkzAM,PdvE0Ad,2026-05-16 12:24:27,Khar,No,Yes,No,,No,,No change. Jaisa ban na tha bana.,ZKRWT-196428,
gbMvevP,PdvE0Ad,2026-05-16 12:28:08,Khar,No,Yes,No,,No,,No change. Jaisa ban na tha bana.,ZKRWT-196429,
PR5k1Qe,pbRdLAZ,2026-05-16 12:33:49,Goregaon,No,No,No,,No,,No change. Jaisa ban na tha bana.,ZGORE-394774,
OQ5kXJR,ja54xQY,2026-05-16 12:36:48,Colaba,No,No,No,,No,,No change. Jaisa ban na tha bana.,ZCLBA-154049,
Vp5DP1g,PdvE0Ad,2026-05-16 12:36:54,Khar,No,Yes,No,,No,,No change. Jaisa ban na tha bana.,ZKRWT-196430,
9NDMQqV,PdvE0Ad,2026-05-16 12:44:47,Khar,No,Yes,Yes,"Confirm kiya (eg ""Rate badha hai kya?"")",,,No change. Jaisa ban na tha bana.,ZKRWT-196432,
zEDLDW8,PdvE0Ad,2026-05-16 12:51:37,Khar,No,Yes,No,,No,,No change. Jaisa ban na tha bana.,ZKRWT-196436,
PR5k5e1,ja54xQY,2026-05-16 12:52:40,Colaba,No,No,No,,No,,No change. Jaisa ban na tha bana.,ZCLBA-1540451,
ArLyLRz,ja54xQY,2026-05-16 12:53:05,Colaba,No,No,No,,No,,No change. Jaisa ban na tha bana.,ZCLBA-1540452,
DqdMNoE,PdvE0Ad,2026-05-16 12:57:54,Khar,No,Yes,No,,No,,No change. Jaisa ban na tha bana.,ZKRWT-196437,
dbxv67K,PdvE0Ad,2026-05-16 12:58:36,Khar,No,Yes,No,,No,,No change. Jaisa ban na tha bana.,ZKRWT-196438,
Ged5reo,pbRdLAZ,2026-05-16 12:59:22,Goregaon,No,No,No,,No,,No change. Jaisa ban na tha bana.,ZGORE-394777,
bZxvle2,pbRdLAZ,2026-05-16 12:59:46,Goregaon,No,No,No,,No,,No change. Jaisa ban na tha bana.,ZGORE-394778,
X5WzqDg,ja54xQY,2026-05-16 13:09:56,Colaba,No,No,No,,No,,No change. Jaisa ban na tha bana.,ZCLBA-1540453,
q5AvPP7,pbRdLAZ,2026-05-16 13:10:16,Goregaon,No,No,No,,No,,No change. Jaisa ban na tha bana.,ZGORE-394780,
7X2MoN2,PdvE0Ad,2026-05-16 13:14:22,Khar,No,Yes,No,,No,,No change. Jaisa ban na tha bana.,ZKRWT-196439,
kb6vW96,PdvE0Ad,2026-05-16 13:19:01,Khar,No,Yes,No,,No,,No change. Jaisa ban na tha bana.,ZKRWT-196440,
LDWkJyv,PdvE0Ad,2026-05-16 13:26:45,Khar,No,Yes,No,,No,,No change. Jaisa ban na tha bana.,ZKRWT-196441,
peBv7gE,pbRdLAZ,2026-05-16 13:27:57,Goregaon,No,No,No,,No,,No change. Jaisa ban na tha bana.,ZGORE-394781,
5X1MqjZ,PdvE0Ad,2026-05-16 13:28:58,Khar,No,Yes,No,,No,,No change. Jaisa ban na tha bana.,ZKRWT-196443,
ladvlMV,PdvE0Ad,2026-05-16 13:30:51,Khar,No,No,No,,No,,No change. Jaisa ban na tha bana.,ZKRWT-196444,
o9MvVW1,PdvE0Ad,2026-05-16 13:32:48,Khar,No,Yes,No,,No,,No change. Jaisa ban na tha bana.,ZKRWT-196445,
X5Wz10O,PdvE0Ad,2026-05-16 13:43:58,Khar,No,Yes,No,,No,,No change. Jaisa ban na tha bana.,ZKRWT-196447,
9NDMRN5,PdvE0Ad,2026-05-16 13:48:14,Khar,No,Yes,No,,No,,No change. Jaisa ban na tha bana.,ZKRWT-196449,
7X2Ma2P,ja54xQY,2026-05-16 13:49:02,Colaba,No,No,No,,No,,No change. Jaisa ban na tha bana.,ZCLBA-1540456,
4axzpRr,PdvE0Ad,2026-05-16 13:56:25,Khar,No,Yes,Yes,Price pucha,,,No change. Jaisa ban na tha bana.,ZKRWT-196450,
peBvvV1,ja54xQY,2026-05-16 13:59:16,Colaba,No,No,No,,Yes,Eye brow upar ki,No change. Jaisa ban na tha bana.,ZCLBA-1540457,
zEDLLWR,PdvE0Ad,2026-05-16 13:59:55,Khar,No,Yes,No,,No,,No change. Jaisa ban na tha bana.,ZKRWT-196451,
J1AMMZ7,PdvE0Ad,2026-05-16 14:01:10,Khar,No,Yes,No,,No,,No change. Jaisa ban na tha bana.,ZKRWT-196452,
o9MvxgO,PdvE0Ad,2026-05-16 14:11:06,Khar,No,Yes,No,,No,,No change. Jaisa ban na tha bana.,ZKRWT-196456,
o9MvpbX,PdvE0Ad,2026-05-16 14:18:40,Khar,No,Yes,No,,No,,No change. Jaisa ban na tha bana.,ZKRWT-196458,
Kplkgpk,ja54xQY,2026-05-16 14:18:45,Colaba,No,No,No,,Yes,Eye brow upar ki,No change. Jaisa ban na tha bana.,ZCLBA-154060,
X5WzgQ4,ja54xQY,2026-05-16 14:21:28,Colaba,No,No,No,,No,,No change. Jaisa ban na tha bana.,ZCLBA-154061,
bZxvDX0,PdvE0Ad,2026-05-16 14:22:27,Khar,No,Yes,No,,No,,No change. Jaisa ban na tha bana.,ZKRWT-196460,
Vp5DypJ,ja54xQY,2026-05-16 14:24:07,Colaba,No,No,No,,No,,No change. Jaisa ban na tha bana.,ZCLBA-154062,
WJ51dzP,PdvE0Ad,2026-05-16 14:24:49,Khar,No,No,No,,No,,No change. Jaisa ban na tha bana.,ZKRWT-196462,
7X2M510,PdvE0Ad,2026-05-16 14:26:17,Khar,No,Yes,No,,No,,No change. Jaisa ban na tha bana.,ZKRWT-196463,
q5Ave05,PdvE0Ad,2026-05-16 14:28:43,Khar,No,Yes,No,,No,,No change. Jaisa ban na tha bana.,ZKRWT-196464,
Ged5jlL,pbRdLAZ,2026-05-16 14:35:31,Goregaon,No,No,No,,No,,No change. Jaisa ban na tha bana.,ZGORE-394789,
PR5kWXb,PdvE0Ad,2026-05-16 14:36:30,Khar,No,Yes,No,,No,,No change. Jaisa ban na tha bana.,ZKRWT-196466,
DqdM9eN,pbRdLAZ,2026-05-16 14:41:20,Goregaon,No,No,Yes,"Confirm kiya (eg ""Rate badha hai kya?"")",,,No change. Jaisa ban na tha bana.,ZGORE-394790,
ArLyNW0,ja54xQY,2026-05-16 14:42:08,Colaba,No,No,No,,No,,No change. Jaisa ban na tha bana.,ZCLBA-154063,
LDWkBoG,ja54xQY,2026-05-16 14:42:48,Colaba,No,No,No,,No,,No change. Jaisa ban na tha bana.,ZCLBA-154064,
jeQvX26,pbRdLAZ,2026-05-16 14:43:09,Goregaon,No,No,No,,No,,No change. Jaisa ban na tha bana.,ZGORE-394791,
e5evGKk,PdvE0Ad,2026-05-16 14:47:15,Khar,No,Yes,No,,No,,No change. Jaisa ban na tha bana.,ZKRWT-196468,
5X1MYWN,PdvE0Ad,2026-05-16 14:49:48,Khar,No,Yes,No,,No,,No change. Jaisa ban na tha bana.,ZKRWT-196470,
BEk0oBA,PdvE0Ad,2026-05-16 14:51:39,Khar,No,Yes,No,,No,,No change. Jaisa ban na tha bana.,ZKRWT-196471,
NqWd2LQ,PdvE0Ad,2026-05-16 14:56:55,Khar,No,Yes,No,,No,,No change. Jaisa ban na tha bana.,ZKRWT-196474,
J1AMEVJ,PdvE0Ad,2026-05-16 14:57:21,Khar,No,Yes,No,,No,,No change. Jaisa ban na tha bana.,ZKRWT-196473,
bZxv1E1,ja54xQY,2026-05-16 14:58:44,Colaba,No,No,No,,No,,No change. Jaisa ban na tha bana.,ZCLBA-154067,K2fit dwa nhi thi toh wapas chali gyi system par dwa show nhi ho rha tha 
2jN792L,ja54xQY,2026-05-16 14:59:43,Colaba,No,No,No,,No,,No change. Jaisa ban na tha bana.,ZCLBA-154066,
LDWkLXp,pbRdLAZ,2026-05-16 15:01:52,Goregaon,No,No,No,,No,,No change. Jaisa ban na tha bana.,ZGORE-394792,
9NDMjJQ,pbRdLAZ,2026-05-16 15:02:14,Goregaon,No,No,No,,No,,No change. Jaisa ban na tha bana.,ZGORE-394794,
1W76aNl,PdvE0Ad,2026-05-16 15:07:45,Khar,No,Yes,No,,No,,No change. Jaisa ban na tha bana.,ZKRWT-196476,
dbxgBLK,pbRdLAZ,2026-05-17 05:19:16,Goregaon,No,No,No,,No,,No change. Jaisa ban na tha bana.,ZGORE-394828,
PR54adV,pbRdLAZ,2026-05-17 05:19:47,Goregaon,No,No,No,,No,,No change. Jaisa ban na tha bana.,ZGORE-394830,
jeQgO11,ja54xQY,2026-05-17 05:27:26,Colaba,No,No,No,,No,,No change. Jaisa ban na tha bana.,ZCLBA-154084,
zEDOXbE,PdvE0Ad,2026-05-17 05:40:26,Khar,No,Yes,No,,No,,No change. Jaisa ban na tha bana.,ZKRWT-196506,
jeQpDA4,PdvE0Ad,2026-05-17 05:42:36,Khar,No,Yes,No,,No,,No change. Jaisa ban na tha bana.,ZKRWT-196507,
PR5gRbe,pbRdLAZ,2026-05-17 05:57:24,Goregaon,No,No,No,,No,,No change. Jaisa ban na tha bana.,ZGORE-394834,
zEDOE88,pbRdLAZ,2026-05-17 05:59:47,Goregaon,No,No,Yes,"Confirm kiya (eg ""Rate badha hai kya?""), Itna rate badha diya pehle kam tha",,,No change. Jaisa ban na tha bana.,ZGORE-394835,
4axqabo,pbRdLAZ,2026-05-17 06:00:06,Goregaon,No,No,No,,No,,No change. Jaisa ban na tha bana.,ZGORE-394836,
Qo5XMA7,PdvE0Ad,2026-05-17 06:12:10,Khar,No,Yes,No,Price pucha,No,,No change. Jaisa ban na tha bana.,ZKRWT-196510,
ArL0KMz,PdvE0Ad,2026-05-17 06:16:41,Khar,No,Yes,No,,No,,No change. Jaisa ban na tha bana.,ZKRWT-196512,
Kplg5Yk,PdvE0Ad,2026-05-17 06:18:56,Khar,No,Yes,No,,No,,No change. Jaisa ban na tha bana.,ZKRWT-196512,
RW5gDOp,ja54xQY,2026-05-17 06:41:58,Colaba,No,No,No,,No,,No change. Jaisa ban na tha bana.,ZCLBA-154086,
5X1Q1RE,PdvE0Ad,2026-05-17 06:57:43,Khar,No,Yes,No,,No,,No change. Jaisa ban na tha bana.,ZKRWT-196514,
kb6pyRo,ja54xQY,2026-05-17 07:01:20,Colaba,No,No,No,,No,,No change. Jaisa ban na tha bana.,ZCLBA-154088,
aOYy6vB,PdvE0Ad,2026-05-17 07:02:17,Khar,No,Yes,No,,No,,No change. Jaisa ban na tha bana.,ZKRWT-196515,
Qo5XAqp,PdvE0Ad,2026-05-17 07:10:48,Khar,No,Yes,No,,No,,No change. Jaisa ban na tha bana.,ZKRWT-196516,
peBMAy8,PdvE0Ad,2026-05-17 07:13:39,Khar,No,Yes,No,,No,,No change. Jaisa ban na tha bana.,ZKRWT-196518,
Gedg1aL,PdvE0Ad,2026-05-17 07:18:01,Khar,No,Yes,No,,No,,No change. Jaisa ban na tha bana.,ZKRWT-196519,
yX9GxM0,ja54xQY,2026-05-17 07:27:51,Colaba,No,No,No,,No,,No change. Jaisa ban na tha bana.,ZCLBA-154090,
YjWgY4d,ja54xQY,2026-05-17 07:36:11,Colaba,No,No,No,,No,,No change. Jaisa ban na tha bana.,ZCLBA-154091,
o9MpV9M,pbRdLAZ,2026-05-17 07:50:15,Goregaon,No,No,No,,No,,No change. Jaisa ban na tha bana.,ZGORE-394846,
8NQWp6A,PdvE0Ad,2026-05-17 07:53:33,Khar,No,Yes,No,,No,,No change. Jaisa ban na tha bana.,ZKRWT-196520,
OQ5gjBY,pbRdLAZ,2026-05-17 08:00:07,Goregaon,No,No,No,,No,,No change. Jaisa ban na tha bana.,ZGORE-394848,
vXypqG0,PdvE0Ad,2026-05-17 08:04:07,Khar,No,Yes,No,,No,,No change. Jaisa ban na tha bana.,ZKRWT-196521,
Qo5Xvxk,PdvE0Ad,2026-05-17 08:14:10,Khar,No,Yes,No,,No,,No change. Jaisa ban na tha bana.,ZKRWT-196522,
yX9GddB,ja54xQY,2026-05-17 08:30:01,Colaba,No,No,No,,No,,No change. Jaisa ban na tha bana.,ZCLBA-154093,
8NQWMBo,ja54xQY,2026-05-17 08:40:06,Colaba,No,No,No,,No,,No change. Jaisa ban na tha bana.,ZCLBA-154094,
X5Wg9BY,PdvE0Ad,2026-05-17 08:59:35,Khar,No,Yes,No,,No,,No change. Jaisa ban na tha bana.,ZKRWT-196523,
9NDaxLQ,PdvE0Ad,2026-05-17 09:03:50,Khar,No,Yes,No,,No,,No change. Jaisa ban na tha bana.,ZKRWT-196524,
rDApbV2,PdvE0Ad,2026-05-17 09:28:17,Khar,No,Yes,No,,No,,No change. Jaisa ban na tha bana.,ZKRWT-196529,
GedgjPe,PdvE0Ad,2026-05-17 09:31:47,Khar,No,Yes,Yes,Kitna discount apply kiye?,,,No change. Jaisa ban na tha bana.,ZKRWT-196530,
4axqlaB,ja54xQY,2026-05-17 09:54:48,Colaba,No,No,No,,No,,No change. Jaisa ban na tha bana.,ZCLBA-154096,
8NQWbP5,pbRdLAZ,2026-05-17 09:57:18,Goregaon,No,Yes,No,,No,,No change. Jaisa ban na tha bana.,ZGORE-394867,
RW5g97v,PdvE0Ad,2026-05-17 10:14:20,Khar,No,Yes,Yes,"Confirm kiya (eg ""Rate badha hai kya?"")",,,No change. Jaisa ban na tha bana.,ZKRWT-196531,Noticed the price change and said bhav badata hi ja raha hai
rDAp4oR,PdvE0Ad,2026-05-17 10:15:54,Khar,No,Yes,No,,No,,No change. Jaisa ban na tha bana.,ZKRWT-196532,
bZxDoW7,PdvE0Ad,2026-05-17 10:22:23,Khar,No,Yes,No,,No,,No change. Jaisa ban na tha bana.,ZKRWT-196533,
9NDabQQ,PdvE0Ad,2026-05-17 10:42:41,Khar,No,Yes,No,,No,,No change. Jaisa ban na tha bana.,ZKRWT-196535,
aOYy7D9,pbRdLAZ,2026-05-17 10:44:00,Goregaon,No,No,No,,No,,No change. Jaisa ban na tha bana.,ZGORE-394869,
gbMpRGP,PdvE0Ad,2026-05-17 10:49:39,Khar,No,Yes,No,,No,,No change. Jaisa ban na tha bana.,ZKRWT-196536,
RW5gXY4,ja54xQY,2026-05-17 10:57:04,Colaba,No,No,No,,No,,No change. Jaisa ban na tha bana.,ZCLBA-154099,
ArL0oj0,ja54xQY,2026-05-17 10:58:15,Colaba,No,No,Yes,He want more discount,No,Eye brow upar ki,No change. Jaisa ban na tha bana.,ZCLBA-154100,
kb6pDx6,ja54xQY,2026-05-17 10:59:05,Colaba,No,Yes,No,,No,,No change. Jaisa ban na tha bana.,ZCLBA-154101,
jeQ2aEQ,PdvE0Ad,2026-05-17 11:11:37,Khar,No,Yes,No,,No,,No change. Jaisa ban na tha bana.,ZKRWT-196537,
yX9kXdp,ja54xQY,2026-05-17 11:17:39,Colaba,No,No,No,,No,,No change. Jaisa ban na tha bana.,ZCLBA-154102,
0V65V5P,PdvE0Ad,2026-05-17 11:18:35,Khar,No,Yes,Yes,"Confirm kiya (eg ""Rate badha hai kya?""), Hairaan hue (eg ""Arre phir se rate badha diye?""), Reason poocha (eg ""Kyun badhaaya?"")",,,No change. Jaisa ban na tha bana.,,"4,4 din me rate bad zata haii customer words on price increase "
J1AYOyK,ja54xQY,2026-05-17 11:50:15,Colaba,No,No,No,,No,,No change. Jaisa ban na tha bana.,ZCLBA-154103,
GedyRWL,ja54xQY,2026-05-17 11:50:28,Colaba,No,No,No,,No,,No change. Jaisa ban na tha bana.,ZCLBA-154104,
8NQ5KAY,PdvE0Ad,2026-05-17 12:05:30,Khar,No,Yes,No,,No,,No change. Jaisa ban na tha bana.,ZKRWT-196540,
vXybNPX,PdvE0Ad,2026-05-17 12:09:35,Khar,No,Yes,No,,No,,No change. Jaisa ban na tha bana.,ZKRWT-196540,
DqdyVJZ,PdvE0Ad,2026-05-17 12:10:56,Khar,No,Yes,No,,No,,No change. Jaisa ban na tha bana.,ZKRWT-196541,
4axdvWk,PdvE0Ad,2026-05-17 12:33:17,Khar,No,Yes,No,,No,,No change. Jaisa ban na tha bana.,ZKRWT-196543,
8NQ5PJz,pbRdLAZ,2026-05-17 12:35:40,Goregaon,No,No,No,,No,,No change. Jaisa ban na tha bana.,ZGORE-394882,
DqdyJZR,pbRdLAZ,2026-05-17 12:36:14,Goregaon,No,No,No,,No,,No change. Jaisa ban na tha bana.,ZGORE-394883,
NqWyBYb,PdvE0Ad,2026-05-17 12:41:00,Khar,No,Yes,No,,No,,No change. Jaisa ban na tha bana.,ZKRWT-196544,
4axdPD5,PdvE0Ad,2026-05-17 12:53:55,Khar,No,Yes,No,,No,,No change. Jaisa ban na tha bana.,ZKRWT-196546,
jeQ25x1,PdvE0Ad,2026-05-17 12:57:01,Khar,No,Yes,No,,No,,No change. Jaisa ban na tha bana.,ZKRWT-196547,
1W75D5M,ja54xQY,2026-05-17 12:58:45,Colaba,No,No,No,,No,,No change. Jaisa ban na tha bana.,ZCLBA-154105,
xVaB4EJ,ja54xQY,2026-05-17 12:59:02,Colaba,No,No,No,,No,,No change. Jaisa ban na tha bana.,ZCLBA-154106,
jeQ2549,ja54xQY,2026-05-17 12:59:22,Colaba,No,No,No,,No,,No change. Jaisa ban na tha bana.,ZCLBA-154108,
ArL5jNz,ja54xQY,2026-05-17 13:09:25,Colaba,No,No,Yes,"Confirm kiya (eg ""Rate badha hai kya?"")",,,No change. Jaisa ban na tha bana.,ZCLBA-154107,
vXybd5v,ja54xQY,2026-05-17 13:09:59,Colaba,No,No,No,,No,,No change. Jaisa ban na tha bana.,ZCLBA-154109,
BEk5eG1,ja54xQY,2026-05-17 13:17:29,Colaba,No,Yes,No,,Yes,Eye brow upar ki,No change. Jaisa ban na tha bana.,ZCLBA-154110,
BEk569e,PdvE0Ad,2026-05-17 13:30:13,Khar,No,Yes,No,,No,,No change. Jaisa ban na tha bana.,ZKRWT-196549,
peB956B,PdvE0Ad,2026-05-17 13:30:47,Khar,No,Yes,No,,No,,No change. Jaisa ban na tha bana.,ZKRWT-196548,
PR5yglV,ja54xQY,2026-05-17 13:34:22,Colaba,No,No,No,,No,,No change. Jaisa ban na tha bana.,ZCLBA-154111,
PR5yg8Q,ja54xQY,2026-05-17 13:34:57,Colaba,No,No,No,,No,,No change. Jaisa ban na tha bana.,ZCLBA-154112,
rDAWp4R,ja54xQY,2026-05-17 13:37:04,Colaba,No,No,Yes,Kya discount lagaya hai,No,,No change. Jaisa ban na tha bana.,ZCLBA-154113,
M1zyg0M,PdvE0Ad,2026-05-17 13:37:17,Khar,No,Yes,No,,No,,No change. Jaisa ban na tha bana.,ZKRWT-196552,
M1zygop,ja54xQY,2026-05-17 13:37:35,Colaba,No,No,No,,Yes,Head shake kiya ,No change. Jaisa ban na tha bana.,ZCLBA-154114,
LDWyyZG,PdvE0Ad,2026-05-17 13:38:00,Khar,No,Yes,No,,No,,No change. Jaisa ban na tha bana.,ZKRWT-196551,
BEk5574,PdvE0Ad,2026-05-17 13:38:48,Khar,No,Yes,No,,No,,No change. Jaisa ban na tha bana.,ZKRWT-196553,
vXybbA4,PdvE0Ad,2026-05-17 13:39:06,Khar,No,Yes,No,,No,,No change. Jaisa ban na tha bana.,ZKRWT-196554,
peB996E,PdvE0Ad,2026-05-17 13:41:35,Khar,No,Yes,No,,No,,No change. Jaisa ban na tha bana.,ZKRWT-196554,
8NQ5gNz,pbRdLAZ,2026-05-17 13:48:48,Goregaon,No,No,No,,No,,No change. Jaisa ban na tha bana.,ZGORE-394885,
X5WyvQP,PdvE0Ad,2026-05-17 13:51:41,Khar,No,Yes,Yes,"Confirm kiya (eg ""Rate badha hai kya?"")",Yes,,No change. Jaisa ban na tha bana.,ZKRWT-196555,Just asked about the price change 
8NQ5V5r,pbRdLAZ,2026-05-17 13:57:15,Goregaon,No,No,No,,No,,No change. Jaisa ban na tha bana.,ZGORE-394886,
vXybV14,PdvE0Ad,2026-05-17 13:57:20,Khar,No,Yes,No,,No,,No change. Jaisa ban na tha bana.,ZKRWT-196556,
J1AYbPo,pbRdLAZ,2026-05-17 13:58:22,Goregaon,No,No,No,,No,,No change. Jaisa ban na tha bana.,ZGORE-394888,
0V650Dj,pbRdLAZ,2026-05-17 14:07:09,Goregaon,No,No,No,,No,,No change. Jaisa ban na tha bana.,ZGORE-394891,
9ND50PG,ja54xQY,2026-05-17 14:08:11,Colaba,No,No,Yes,"Confirm kiya (eg ""Rate badha hai kya?""), Abhi pichle hafte hi toh leke gya rate kaise badh gya",,,No change. Jaisa ban na tha bana.,ZCLBA-154120,
bZxGRR2,ja54xQY,2026-05-17 14:08:31,Colaba,No,No,No,,No,,No change. Jaisa ban na tha bana.,ZCLBA-154119,
Kplyr2A,ja54xQY,2026-05-17 14:14:05,Colaba,No,No,No,,No,,No change. Jaisa ban na tha bana.,ZCLBA-154121,
M1zyjpX,pbRdLAZ,2026-05-17 14:14:16,Goregaon,No,No,No,,No,,No change. Jaisa ban na tha bana.,ZGORE-394892,
EqQYopq,pbRdLAZ,2026-05-17 14:14:46,Goregaon,No,No,No,,No,,No change. Jaisa ban na tha bana.,ZGORE-394893,
9ND5KPK,ja54xQY,2026-05-17 14:24:35,Colaba,No,No,No,,No,,No change. Jaisa ban na tha bana.,ZCLBA-154122,
bZxGJBL,PdvE0Ad,2026-05-17 14:25:58,Khar,No,Yes,Yes,Compared prices between branded and generic,,,Partial bana. Customer nein item kam kiye,ZKRWT-196557,"Cancel the venusia product saying I get it at low rate at other medical ,also cancelled the aidsartan AM tablet said that only price increases at zeno every month I am getting at same price at the other store they didn't say the price was increased "
Dqdy8jX,ja54xQY,2026-05-17 14:30:41,Colaba,No,No,No,,No,,No change. Jaisa ban na tha bana.,ZCLBA-154123,
4axdM5o,ja54xQY,2026-05-17 14:36:21,Colaba,No,No,No,,No,,No change. Jaisa ban na tha bana.,ZCLBA-154124,
2jN52LL,ja54xQY,2026-05-17 14:38:32,Colaba,No,No,No,,No,,No change. Jaisa ban na tha bana.,ZCLBA-154125,
xVaBGGy,ja54xQY,2026-05-17 14:41:33,Colaba,No,No,No,,No,,No change. Jaisa ban na tha bana.,ZCLBA-154126,Zeno coins me kuch accha sa gift do 
PR5yKNx,PdvE0Ad,2026-05-17 14:46:04,Khar,No,Yes,No,,No,,No change. Jaisa ban na tha bana.,ZKRWT-196558,
WJ5dxEJ,ja54xQY,2026-05-17 14:47:58,Colaba,No,No,No,,No,,No change. Jaisa ban na tha bana.,ZCLBA-154127,
Vp5ykDM,pbRdLAZ,2026-05-17 14:55:24,Goregaon,No,No,Yes,"Confirm kiya (eg ""Rate badha hai kya?"")",,,No change. Jaisa ban na tha bana.,ZGORE-394894,
YjWyL9W,ja54xQY,2026-05-17 14:55:29,Colaba,No,No,No,,No,,Customer was arguing because ushke pass company ke taraf se baat message ja rha hai jiske wajah se wo bahut gussa hai aur bol rha hai ki company ke upar case karunga,7488359550,
PR5yMBQ,pbRdLAZ,2026-05-17 14:59:45,Goregaon,No,No,No,,No,,No change. Jaisa ban na tha bana.,ZGORE-394895,
aOYobPX,PdvE0Ad,2026-05-17 15:01:10,Khar,No,Yes,No,,No,,No change. Jaisa ban na tha bana.,ZKRWT-196559,
4axy4j5,PdvE0Ad,2026-05-17 15:09:23,Khar,No,Yes,No,,No,,No change. Jaisa ban na tha bana.,ZKRWT-196560,
dbx1bKr,ja54xQY,2026-05-17 15:15:18,Colaba,No,No,No,,No,,No change. Jaisa ban na tha bana.,ZCLBA-154128,
LDWND6l,ja54xQY,2026-05-17 15:15:32,Bandra Hill Road,No,No,No,,No,,No change. Jaisa ban na tha bana.,ZCLBA-154129,
dbx1bVo,ja54xQY,2026-05-17 15:16:13,Colaba,No,No,No,,Yes,Eye brow upar ki,No change. Jaisa ban na tha bana.,ZCLBA-154130,
KplA7lM,ja54xQY,2026-05-18 05:20:30,Colaba,No,No,No,,No,,No change. Jaisa ban na tha bana.,ZCLBA-154148,
EqQGkzL,ja54xQY,2026-05-18 05:32:39,Colaba,No,No,No,,No,,No change. Jaisa ban na tha bana.,ZCLBA-154149,
e5eGqBk,ja54xQY,2026-05-18 05:34:28,Colaba,No,No,No,,No,,No change. Jaisa ban na tha bana.,ZCLBA-154150,
GedVKeL,eqKDBYx,2026-05-18 05:52:35,Goregaon W SV Road,No,No,No,,No,,No change. Jaisa ban na tha bana.,Zgwsv-68485,
WJ56rrv,ja54xQY,2026-05-18 05:53:00,Colaba,No,No,No,,No,,No change. Jaisa ban na tha bana.,ZCLBA-154151,
EqQG5G4,PdvE0Ad,2026-05-18 05:57:07,Khar,No,Yes,No,,No,,No change. Jaisa ban na tha bana.,ZKRWT-196585,
WJ56RRL,eqKDBYx,2026-05-18 06:06:00,Goregaon W SV Road,No,No,No,,No,,No change. Jaisa ban na tha bana.,Zgwsv-68487,
Dqdo7JE,PdvE0Ad,2026-05-18 06:13:43,Khar,No,Yes,No,,No,,No change. Jaisa ban na tha bana.,ZKRWT-196586,
Vp5azyv,ja54xQY,2026-05-18 06:15:21,Colaba,No,No,No,,No,,No change. Jaisa ban na tha bana.,ZCLBA-154154,
ArLYLoB,eqKDBYx,2026-05-18 06:29:14,Goregaon W SV Road,No,Yes,No,,No,,No change. Jaisa ban na tha bana.,Zgwsv-68491,
bZxM7O1,eqKDBYx,2026-05-18 06:31:05,Goregaon W SV Road,No,No,No,,No,,No change. Jaisa ban na tha bana.,Zgwsv-68492,
J1ArRaz,eqKDBYx,2026-05-18 06:46:38,Goregaon W SV Road,No,No,No,,No,,No change. Jaisa ban na tha bana.,Zgwsv-68495,
GedVDdz,eqKDBYx,2026-05-18 06:58:20,Goregaon W SV Road,No,Yes,No,,No,,No change. Jaisa ban na tha bana.,Zgwsv-68497,
xVa7N1d,PdvE0Ad,2026-05-18 07:10:36,Khar,No,Yes,No,,No,,No change. Jaisa ban na tha bana.,ZKRWT-196591,
rDAQrRR,PdvE0Ad,2026-05-18 07:10:55,Khar,No,Yes,No,,No,,No change. Jaisa ban na tha bana.,ZKRWT-196592,
zEDA0rR,ja54xQY,2026-05-18 07:14:14,Colaba,No,No,No,,No,,No change. Jaisa ban na tha bana.,ZCLBA-154163,
jeQr0g6,ja54xQY,2026-05-18 07:15:22,Colaba,No,Yes,Yes,Discount diya hai,,,No change. Jaisa ban na tha bana.,ZCLBA-154164,
ladjV26,eqKDBYx,2026-05-18 07:21:21,Goregaon W SV Road,No,No,No,,No,,No change. Jaisa ban na tha bana.,Zgwsv-68498,
vXyaEAA,PdvE0Ad,2026-05-18 07:23:44,Khar,No,Yes,No,,No,,No change. Jaisa ban na tha bana.,ZKRWT-196593,
6D2YWPN,PdvE0Ad,2026-05-18 07:30:27,Khar,No,Yes,Yes,Merko modi ke store se 20 rs ka ka mil raha hai apa,,,No change. Jaisa ban na tha bana.,ZKRWT-196595,Merko modi ke store se 20 rs ka ka mil raha hai ap 5p
NqWxb1B,eqKDBYx,2026-05-18 07:31:43,Goregaon W SV Road,No,No,No,,No,,No change. Jaisa ban na tha bana.,Zgwsv-68500,
kb64J2M,PdvE0Ad,2026-05-18 07:32:06,Khar,No,Yes,No,,No,,No change. Jaisa ban na tha bana.,ZKRWT-196596,
8NQY67A,PdvE0Ad,2026-05-18 07:32:20,Khar,No,Yes,No,,No,,No change. Jaisa ban na tha bana.,ZKRWT-196597,
4axYzrd,eqKDBYx,2026-05-18 07:38:12,Goregaon W SV Road,No,No,No,,No,,No change. Jaisa ban na tha bana.,Zgwsv-68501,
J1ArMM4,eqKDBYx,2026-05-18 07:39:53,Goregaon W SV Road,No,No,No,,No,,No change. Jaisa ban na tha bana.,Zgwsv-68502,
e5eGzvk,PdvE0Ad,2026-05-18 07:44:40,Khar,No,Yes,No,,No,,No change. Jaisa ban na tha bana.,ZKRWT-19600,
dbxozrD,eqKDBYx,2026-05-18 07:46:30,Goregaon W SV Road,No,Yes,No,,No,,No change. Jaisa ban na tha bana.,Zgwsv-68503,
q5AqpJY,ja54xQY,2026-05-18 07:58:54,Colaba,No,No,No,,No,,No change. Jaisa ban na tha bana.,ZCLBA-154165,
aOY1yy9,ja54xQY,2026-05-18 07:59:32,Colaba,No,No,No,,No,,No change. Jaisa ban na tha bana.,ZCLBA-154166,
PR5NyGe,ja54xQY,2026-05-18 08:03:49,Colaba,No,No,No,,No,,No change. Jaisa ban na tha bana.,ZCLBA-154167,
kb641ar,PdvE0Ad,2026-05-18 08:06:06,Khar,No,Yes,No,,No,,No change. Jaisa ban na tha bana.,ZKRWT-196597,
6D2Yyxe,PdvE0Ad,2026-05-18 08:07:21,Khar,No,No,No,,No,,No change. Jaisa ban na tha bana.,ZKRWT-196604,
X5W7k8e,PdvE0Ad,2026-05-18 08:08:11,Khar,No,Yes,No,,No,,No change. Jaisa ban na tha bana.,ZKRWT-196601,
o9MZaAx,eqKDBYx,2026-05-18 08:11:46,Goregaon W SV Road,No,No,No,,No,,No change. Jaisa ban na tha bana.,Zgwsv-68506,
0V6YzOP,PdvE0Ad,2026-05-18 08:16:16,Khar,No,No,No,,No,,No change. Jaisa ban na tha bana.,ZKRWT-196606,
jeQrr2E,eqKDBYx,2026-05-18 08:23:12,Goregaon W SV Road,No,No,No,,No,,No change. Jaisa ban na tha bana.,Zgwsv-68508,
bZxMRr2,eqKDBYx,2026-05-18 08:26:28,Goregaon W SV Road,No,No,No,,No,,No change. Jaisa ban na tha bana.,Zgwsv-68509,
EqQGoNq,PdvE0Ad,2026-05-18 08:31:54,Khar,No,Yes,No,,No,,No change. Jaisa ban na tha bana.,ZKRWT-196610,
GedVM0L,PdvE0Ad,2026-05-18 08:53:11,Khar,No,Yes,No,,No,,No change. Jaisa ban na tha bana.,ZKRWT-196611,
4axYWdd,eqKDBYx,2026-05-18 09:10:56,Goregaon W SV Road,No,Yes,No,,No,,No change. Jaisa ban na tha bana.,Zgwsv-68517,
EqQVzWL,ja54xQY,2026-05-18 09:13:05,Colaba,No,Yes,Yes,Sabhi dawao ka ek ek karke rate pucha,,,No change. Jaisa ban na tha bana.,ZCLBA-154168,
PR5QDz0,PdvE0Ad,2026-05-18 09:28:59,Khar,No,Yes,Yes,"Confirm kiya (eg ""Rate badha hai kya?"")",Yes,,No change. Jaisa ban na tha bana.,ZKRWT-196614,Sidha 7 rs se rate badha diya
peBqypZ,PdvE0Ad,2026-05-18 09:35:52,Khar,No,Yes,No,,No,,No change. Jaisa ban na tha bana.,ZKRWT-196615,
Vp57zKg,PdvE0Ad,2026-05-18 09:44:21,Khar,No,Yes,No,,No,,No change. Jaisa ban na tha bana.,ZKRWT-196616,
q5AQVed,ja54xQY,2026-05-18 09:47:32,Colaba,No,No,No,,No,,No change. Jaisa ban na tha bana.,ZCLBA-154169,
PR5Q665,ja54xQY,2026-05-18 09:54:24,Colaba,No,No,No,,No,,No change. Jaisa ban na tha bana.,ZCLBA-154170,
YjWBQrq,ja54xQY,2026-05-18 09:54:49,Colaba,No,No,No,,No,,No change. Jaisa ban na tha bana.,ZCLBA-154171,
o9MNy55,ja54xQY,2026-05-18 09:55:35,Colaba,No,No,Yes,"Confirm kiya (eg ""Rate badha hai kya?"")",,,No change. Jaisa ban na tha bana.,ZCLBA-154172,
M1zZA8Y,PdvE0Ad,2026-05-18 09:59:46,Khar,No,Yes,No,,No,,No change. Jaisa ban na tha bana.,ZKRWT-196617,
aOYJBJX,PdvE0Ad,2026-05-18 10:01:13,Khar,No,Yes,No,,No,,No change. Jaisa ban na tha bana.,ZKRWT-196618,
PR5Qrd0,PdvE0Ad,2026-05-18 10:55:23,Khar,No,Yes,No,,No,,No change. Jaisa ban na tha bana.,ZKRWT-196619,
lad2gAp,PdvE0Ad,2026-05-18 11:05:14,Khar,No,Yes,No,,No,,New customer,ZKRWT-196620,
4ax0qMO,PdvE0Ad,2026-05-18 11:12:05,Khar,No,Yes,No,"Hairaan hue (eg ""Arre phir se rate badha diye?"")",No,,No change. Jaisa ban na tha bana.,ZKRWT-196621,
J1AjZ2Y,eqKDBYx,2026-05-18 11:22:37,Goregaon W SV Road,No,No,No,,No,,No change. Jaisa ban na tha bana.,Zgwsv-68519,
Vp57BM6,eqKDBYx,2026-05-18 11:23:07,Goregaon W SV Road,No,No,No,,No,,No change. Jaisa ban na tha bana.,Zgwsv-68520,
OQ5qeba,eqKDBYx,2026-05-18 11:23:31,Goregaon W SV Road,No,No,No,,No,,No change. Jaisa ban na tha bana.,Zgwsv-68521,
Kpl2NRV,eqKDBYx,2026-05-18 11:23:56,Goregaon W SV Road,No,No,No,,No,,No change. Jaisa ban na tha bana.,Zgwsv-68523,
EqQVrEX,eqKDBYx,2026-05-18 11:24:18,Goregaon W SV Road,No,No,No,,No,,No change. Jaisa ban na tha bana.,Zgwsv-68524,
NqWN9ZW,eqKDBYx,2026-05-18 11:24:54,Goregaon W SV Road,No,No,No,,No,,No change. Jaisa ban na tha bana.,Zgwsv-68525,
2jNdg2b,eqKDBYx,2026-05-18 11:25:16,Goregaon W SV Road,No,No,No,,No,,No change. Jaisa ban na tha bana.,Zgwsv-68526,
J1AjrK7,PdvE0Ad,2026-05-18 11:30:05,Khar,No,Yes,No,,No,,No change. Jaisa ban na tha bana.,ZKRWT-196622,
BEkoyye,PdvE0Ad,2026-05-18 11:53:59,Khar,No,Yes,No,,No,,No change. Jaisa ban na tha bana.,ZKRWT-196623,
7X20yx9,ja54xQY,2026-05-18 11:55:25,Colaba,No,No,No,,No,,No change. Jaisa ban na tha bana.,ZCLBA-154173,
EqQV2XL,ja54xQY,2026-05-18 11:55:37,Colaba,No,No,No,,No,,No change. Jaisa ban na tha bana.,ZCLBA-154174,
EqQV21A,PdvE0Ad,2026-05-18 11:55:49,Khar,No,Yes,No,,No,,No change. Jaisa ban na tha bana.,ZKRWT-196624,
J1AjQ7X,ja54xQY,2026-05-18 11:58:22,Colaba,No,Yes,No,,No,,No change. Jaisa ban na tha bana.,ZCLBA-154175,
EqQVpal,PdvE0Ad,2026-05-18 12:01:11,Khar,No,Yes,No,,No,,No change. Jaisa ban na tha bana.,ZKRWT-196625,
Z96kxqv,PdvE0Ad,2026-05-18 12:02:46,Khar,No,Yes,No,,No,,No change. Jaisa ban na tha bana.,ZKRWT-196626,
RW5epMK,ja54xQY,2026-05-18 12:03:30,Colaba,No,Yes,No,,No,,No change. Jaisa ban na tha bana.,ZCLBA-154176,
xVabeBo,PdvE0Ad,2026-05-18 12:12:52,Khar,No,Yes,No,,No,,No change. Jaisa ban na tha bana.,ZKRWT-196628,
xVa8rx5,ja54xQY,2026-05-18 12:28:47,Colaba,No,No,No,,No,,No change. Jaisa ban na tha bana.,ZCLBA-154176,
Kplrz5A,ja54xQY,2026-05-18 12:29:07,Colaba,No,No,No,,No,,No change. Jaisa ban na tha bana.,ZCLBA-154177,
vXy8rMg,eqKDBYx,2026-05-18 12:32:15,Goregaon W SV Road,No,No,No,,No,,No change. Jaisa ban na tha bana.,Zgwsv-68531,
ArLMBBk,eqKDBYx,2026-05-18 12:43:13,Goregaon W SV Road,No,No,No,,No,,No change. Jaisa ban na tha bana.,Zgwsv-68532,
J1AEzpK,PdvE0Ad,2026-05-18 12:46:24,Khar,No,Yes,Yes,"Confirm kiya (eg ""Rate badha hai kya?"")",,,No change. Jaisa ban na tha bana.,ZKRWT-196632,
4axlrbk,PdvE0Ad,2026-05-18 12:49:00,Khar,No,Yes,No,,No,,No change. Jaisa ban na tha bana.,ZKRWT-196633,
Vp5W5gg,PdvE0Ad,2026-05-18 12:53:13,Khar,No,Yes,No,,No,,No change. Jaisa ban na tha bana.,ZKRWT-196634,
Vp5WZdg,eqKDBYx,2026-05-18 12:59:37,Goregaon W SV Road,No,No,No,,No,,No change. Jaisa ban na tha bana.,Zgwsv-68533,
BEkJ101,PdvE0Ad,2026-05-18 13:02:41,Khar,No,Yes,No,,No,,No change. Jaisa ban na tha bana.,ZKRWT-196636,
NqW206j,eqKDBYx,2026-05-18 13:05:13,Goregaon W SV Road,No,No,No,,No,,No change. Jaisa ban na tha bana.,Zgwsv-68534,
DqdR5Kj,ja54xQY,2026-05-18 13:08:15,Colaba,No,Yes,Yes,"Confirm kiya (eg ""Rate badha hai kya?""), Pehle 38 ka tha abhi 41 ka kaise ho gya dermi 5",,,No change. Jaisa ban na tha bana.,ZCLBA-154190,
e5eg7e0,PdvE0Ad,2026-05-18 13:15:35,Khar,No,Yes,No,,No,,No change. Jaisa ban na tha bana.,ZKRWT-196637,
7X27VZL,PdvE0Ad,2026-05-18 13:15:53,Khar,No,Yes,No,,No,,No change. Jaisa ban na tha bana.,ZKRWT-196638,
rDA8dRN,PdvE0Ad,2026-05-18 13:17:24,Khar,No,Yes,No,,No,,No change. Jaisa ban na tha bana.,ZKRWT-196640,
6D26Q5N,eqKDBYx,2026-05-18 13:20:35,Goregaon W SV Road,No,No,No,,No,,No change. Jaisa ban na tha bana.,Zgwsv-68536,
2jN9bpe,PdvE0Ad,2026-05-18 13:25:01,Khar,No,Yes,No,,No,,No change. Jaisa ban na tha bana.,ZKRWT-196642,
GedOYqL,PdvE0Ad,2026-05-18 13:27:06,Khar,No,Yes,No,,No,,No change. Jaisa ban na tha bana.,ZKRWT-196643,
bZx1N6Z,ja54xQY,2026-05-18 13:27:10,Colaba,No,No,No,,No,,No change. Jaisa ban na tha bana.,ZCLBA-154187,
rDA82qN,PdvE0Ad,2026-05-18 13:27:30,Khar,No,Yes,No,,No,,No change. Jaisa ban na tha bana.,ZKRWT-196644,
M1zj8Pp,ja54xQY,2026-05-18 13:27:32,Colaba,No,No,No,,No,,No change. Jaisa ban na tha bana.,ZCLBA-154188,
zED8W41,ja54xQY,2026-05-18 13:27:55,Colaba,No,No,No,,No,,No change. Jaisa ban na tha bana.,ZCLBA-154190,
bZx1N12,ja54xQY,2026-05-18 13:28:10,Colaba,No,No,No,,No,,No change. Jaisa ban na tha bana.,ZCLBA-154191,
X5W6zWV,PdvE0Ad,2026-05-18 13:39:57,Khar,No,Yes,Yes,Asked the price of each product,No,,No change. Jaisa ban na tha bana.,ZKRWT-196645,Rechecked the total bill calculating on calculator 
5X1aMeE,ja54xQY,2026-05-18 13:40:53,Colaba,No,No,No,,No,,No change. Jaisa ban na tha bana.,ZCLBA-154192,
4axlz9Y,eqKDBYx,2026-05-18 13:40:55,Goregaon W SV Road,No,No,No,,No,,No change. Jaisa ban na tha bana.,Zgwsv-68538,
e5egvJJ,eqKDBYx,2026-05-18 13:42:08,Goregaon W SV Road,No,No,No,,No,,No change. Jaisa ban na tha bana.,Zgwsv-68539,
vXy8K7l,eqKDBYx,2026-05-18 13:42:38,Goregaon W SV Road,No,Yes,No,,No,,No change. Jaisa ban na tha bana.,Zgwsv-68540,
OQ5xE9R,PdvE0Ad,2026-05-18 13:45:08,Khar,No,Yes,No,,No,,No change. Jaisa ban na tha bana.,ZKRWT-196647,
aOYpl1b,PdvE0Ad,2026-05-18 13:48:33,Khar,No,Yes,No,,No,,No change. Jaisa ban na tha bana.,ZKRWT-196646,
GedO7Mo,PdvE0Ad,2026-05-18 13:49:02,Khar,No,Yes,No,,No,,No change. Jaisa ban na tha bana.,ZKRWT-196648,
EqQoayo,ja54xQY,2026-05-18 13:49:12,Colaba,No,Yes,No,,No,,No change. Jaisa ban na tha bana.,ZCLBA-154194,
vXy8gGd,ja54xQY,2026-05-18 13:49:31,Colaba,No,No,No,,No,,No change. Jaisa ban na tha bana.,ZCLBA-154193,
bZx1g4L,ja54xQY,2026-05-18 13:50:44,Colaba,No,No,No,,No,,No change. Jaisa ban na tha bana.,ZCLBA-154195,
9NDAx2p,PdvE0Ad,2026-05-18 13:50:54,Khar,No,Yes,No,,No,,No change. Jaisa ban na tha bana.,ZKRWT-196649,
6D269QY,ja54xQY,2026-05-18 13:54:09,Colaba,No,No,No,,No,,No change. Jaisa ban na tha bana.,ZCLBA-154196,
NqW2y5j,eqKDBYx,2026-05-18 13:56:20,Goregaon W SV Road,No,Yes,No,,No,,No change. Jaisa ban na tha bana.,Zgwsv-68542,
OQ5x9zR,eqKDBYx,2026-05-18 14:00:27,Goregaon W SV Road,No,No,No,,No,,No change. Jaisa ban na tha bana.,Zgwsv-68543,
o9M8azX,PdvE0Ad,2026-05-18 14:04:52,Khar,No,Yes,No,"Confirm kiya (eg ""Rate badha hai kya?""), Discount kam kiya hai kya?",No,,No change. Jaisa ban na tha bana.,ZKRWT-196652,
peBYNbB,PdvE0Ad,2026-05-18 14:10:12,Khar,No,Yes,No,,No,,No change. Jaisa ban na tha bana.,ZKRWT-196654,
PR5ZNW5,eqKDBYx,2026-05-18 14:12:32,Goregaon W SV Road,No,Yes,No,,No,,No change. Jaisa ban na tha bana.,Zgwsv-68545,
6D26Yoo,PdvE0Ad,2026-05-18 14:13:26,Khar,No,Yes,No,,No,,No change. Jaisa ban na tha bana.,ZKRWT-196656,
OQ5xqJK,eqKDBYx,2026-05-18 14:15:03,Goregaon W SV Road,No,Yes,Yes,"Confirm kiya (eg ""Rate badha hai kya?"")",No,Hmm bola,No change. Jaisa ban na tha bana.,Zgwsv-68546,
OQ5xMBg,eqKDBYx,2026-05-18 14:22:34,Goregaon W SV Road,No,No,No,,No,,No change. Jaisa ban na tha bana.,Zgwsv-68548,
peBYpkq,PdvE0Ad,2026-05-18 14:22:58,Khanda Colony,No,Yes,No,,No,,No change. Jaisa ban na tha bana.,ZKRWT-196658,
8NQblrP,eqKDBYx,2026-05-18 14:26:46,Goregaon W SV Road,No,No,No,,No,,No change. Jaisa ban na tha bana.,Zgwsv-68550,
xVa8Gdk,PdvE0Ad,2026-05-18 14:37:11,Khar,No,Yes,No,,No,,No change. Jaisa ban na tha bana.,ZKRWT-196661,
aOYpWJW,ja54xQY,2026-05-18 14:39:06,Colaba,No,No,No,,No,,No change. Jaisa ban na tha bana.,ZCLBA-154195,
Qo5NGl1,eqKDBYx,2026-05-18 14:39:12,Goregaon W SV Road,No,Yes,Yes,"Confirm kiya (eg ""Rate badha hai kya?""), Niraash hue (eg ""Kya yaar phir se badha diye"")",,,No change. Jaisa ban na tha bana.,Zgwsv-68553,
aOYpWWX,ja54xQY,2026-05-18 14:39:33,Colaba,No,No,No,,No,,No change. Jaisa ban na tha bana.,ZCLBA-154198,
jeQ8KO4,ja54xQY,2026-05-18 14:39:48,Colaba,No,No,No,,No,,No change. Jaisa ban na tha bana.,ZCLBA-154199,
yX98LMB,ja54xQY,2026-05-18 14:40:13,Colaba,No,No,No,,No,,No change. Jaisa ban na tha bana.,ZCLBA-154120,
vXy8krQ,eqKDBYx,2026-05-18 14:40:17,Goregaon W SV Road,No,No,No,,No,,No change. Jaisa ban na tha bana.,Zgwsv-68554,
7X27Go6,ja54xQY,2026-05-18 14:41:08,Colaba,No,No,No,,No,,No change. Jaisa ban na tha bana.,ZCLBA-154121,
lad8Q4k,ja54xQY,2026-05-18 14:41:59,Colaba,No,No,Yes,Discount kiya hai,No,,No change. Jaisa ban na tha bana.,ZCLBA-154122,
RW5qXNK,eqKDBYx,2026-05-18 14:53:40,Goregaon W SV Road,No,No,No,,No,,No change. Jaisa ban na tha bana.,Zgwsv-68556,
7X2rlD6,PdvE0Ad,2026-05-18 14:55:18,Khar,No,Yes,No,,No,,No change. Jaisa ban na tha bana.,ZKRWT-196660,
RW5yK8K,PdvE0Ad,2026-05-18 14:55:48,Khar,No,Yes,No,,No,,No change. Jaisa ban na tha bana.,ZKRWT-196661,
Dqd62aR,PdvE0Ad,2026-05-18 14:56:15,Khar,No,No,No,,No,,No change. Jaisa ban na tha bana.,ZKRWT-196662,
WJ5V9da,PdvE0Ad,2026-05-18 14:56:35,Khar,No,Yes,No,,No,,No change. Jaisa ban na tha bana.,ZKRWT-196663,
jeQADV9,ja54xQY,2026-05-18 14:57:11,Colaba,No,No,No,,No,,No change. Jaisa ban na tha bana.,ZCLBA-154202,
vXy5jk4,ja54xQY,2026-05-18 14:57:32,Colaba,No,No,No,,No,,No change. Jaisa ban na tha bana.,ZCLBA-154203,
8NQ411z,ja54xQY,2026-05-18 14:57:57,Colaba,No,No,No,,No,,No change. Jaisa ban na tha bana.,ZCLBA-154204,
GedAxzo,PdvE0Ad,2026-05-18 14:58:42,Khar,No,Yes,No,,No,,No change. Jaisa ban na tha bana.,ZKRWT-196664,
4axVaPb,PdvE0Ad,2026-05-18 15:02:49,Khar,No,Yes,No,,No,,No change. Jaisa ban na tha bana.,ZKRWT-196666,
6D2EDM5,eqKDBYx,2026-05-18 15:03:08,Goregaon W SV Road,No,No,No,,No,,No change. Jaisa ban na tha bana.,Zgwsv-68557,
WJ5VJXk,PdvE0Ad,2026-05-18 15:03:45,Khar,No,Yes,Yes,Price pucha,,,No change. Jaisa ban na tha bana.,ZKRWT-196667,
zED5jBg,eqKDBYx,2026-05-18 15:07:35,Goregaon W SV Road,No,No,No,,No,,No change. Jaisa ban na tha bana.,Zgwsv-68558,