drug_id,Drug name,Selling Price,Assortment Classification,Old Price,Drug Type
487522,Goodsartan 20mg Tablet 10s-Gaid,61,Generic,54,GA
488142,Esopraid 40mg Tablet 10s-Gaid,29,Generic,25,GA
488159,Goodsartan 40mg Tablet 10s-Gaid,110,Generic,99,GA
495100,Nikoaid 5mg Tablet 20s-Gaid,86,Generic,74,GA
503293,Cilnigood 20mg Tablet 10s-Gaid,48,Generic,42,GA
524000,Empaaid M 12.5/500mg Tablet 10s-Gaid,53,Generic,47,GA
487512,Aidsartan CT 12.5mg Tablet 10s-Gaid,57,Generic,50,GA
488132,Goodvastatin F Tablet 10s-Gaid,48,Generic,41,GA
488234,Aidformin SR 1gm Tablet 10s-Gaid,27,Generic,26,GA
488855,Goodgab M 75mg Capsule 10s-Gaid,67,Generic,59,GA
487869,Gliaid Forte 1mg PR Tablet 10s -Gaid,42,Generic,36,GA
494207,Carvyaid 3.125mg Tablet 10s-Gaid,26,Generic,22,GA
496211,Goodolol XL 50mg Tablet 10s-Gaid,41,Generic,37,GA
501795,Linagood 5mg Tablet 10s-Gaid,72,Generic,65,GA
491308,Goodsulide Tablet 10s-Gaid,19,Generic,15,GA
491320,Predipine H Tablet 15s-Gaid,26,Generic,21,GA
495099,Nikoaid 10mg Tablet 20s-Gaid,121,Generic,105,GA
488832,Aidsartan AM 40/5mg Tablet 10s-Gaid,51,Generic,44,GA
488851,Gliaid M0.5mg PR Tablet 10s-Gaid,24,Generic,20,GA
489283,Ateaid 50mg Tablet 14s-Gaid,23,Generic,20,GA
487503,Gliaid M2mg PR Tablet 10s-Gaid,37,Generic,31,GA
487750,Goodvastatin 10mg Tablet 10s-Gaid,30,Generic,26,GA
487508,Goodgliptin M 500mg Tablet 10s-Gaid,59,Generic,51,GA
487517,Goodvastatin 20mg Tablet 10s-Gaid,49,Generic,43,GA
488153,Goodprofen Plus Tablet 20s-Gaid,26,Generic,23,GA
491297,Goodizine L 10 Tablet 10s-Gaid,28,Generic,24,GA
491821,Repagood 1mg Tablet 10s-Gaid,103,Generic,93,GA
487520,Glibenaid M 500mg Tablet 10s-Gaid,25,Generic,21,GA
487527,Gliaid MV 1.2mg SR Tablet 10s-Gaid,46,Generic,40,GA
487582,Aidsartan H 40/12.5mg Tablet 10s-Gaid,48,Generic,42,GA
487502,Gliaid M1mg PR Tablet 10s-Gaid,34,Generic,29,GA
490453,Nefrogood Tablet 10s-Gaid,117,Generic,113,GA
503851,Rovasaid CV 10mg Capsule 10s-Gaid,77,Generic,66,GA
504824,Maxiaid Capsule 10s-Gaid,79,Generic,75,GA
509009,Aidflux Mint Tablet 15s-Gaid,20,Generic,18,GA
490237,Predipine 10mg Tablet 10s-Gaid,22,Generic,18,GA
501335,Sorbigood 1000mg Tablet 10s-Gaid,30,Generic,26,GA
487506,Gliclagood M 80mg Tablet 10s-Gaid,55,Generic,48,GA
487529,Gliaid 2mg Tablet 10s-Gaid,35,Generic,31,GA
487870,Gliaid Forte 2mg PR Tablet 10s-Gaid,46,Generic,38,GA
500902,Rovasaid 10mg Tablet 10s-Gaid,57,Generic,51,GA
487584,Aidsartan 40mg Tablet 10s-Gaid,32,Generic,31,GA
488833,Goodgrel A 150mg Tablet 10s-Gaid,39,Generic,32,GA
489437,Carvyaid 6.25mg Tablet 10s-Gaid,31,Generic,26,GA
491522,Aidrolac DT Tablet 10s-Gaid,30,Generic,26,GA
494212,Gliaid M4mg PR Tablet 10s-Gaid,42,Generic,36,GA
487577,Aidfenac P Tablet 10s-Gaid,25,Generic,20,GA
487581,Gliaid MV 2.2mg SR Tablet 10s-Gaid,49,Generic,43,GA
488126,Goodvastatin Gold 10mg Capsule 15s-Gaid,69,Generic,69,GA
488135,Goodcaltrol HD Tablet 15s-Gaid,37,Generic,32,GA
490233,Goodgab NTM SR Tablet 10s-Gaid,100,Generic,89,GA
490242,Goodvert 8mg Tablet 10s-Gaid,23,Generic,19,GA
488233,Aidformin SR 500mg Tablet 10s-Gaid,14,Generic,14,GA
497671,Rovasaid 5mg Tablet 10s-Gaid,44,Generic,38,GA
488828,Aidgliflozin 10mg Tablet 10s-Gaid,90,Generic,80,GA
488849,Esopraid D SR Capsule 10s-Gaid,55,Generic,46,GA
491532,Goodcaltrol Super Tablet 15s-Gaid,42,Generic,37,GA
501915,Goodom 20mg Capsule 15s-Gaid,31,Generic,28,GA
488144,Goodhem XT Tablet 10s-Gaid,62,Generic,53,GA
488856,Ranolaid ER Tablet 10s-Gaid,82,Generic,74,GA
491832,Goodcofol OD Tablet 10s-Gaid,77,Generic,70,GA
755510,Goodaid Multivitamin Tablet 60s-Gaid,320,Generic,320,GA
754180,Goodgaba NT 100mg Tablet 10s-Gaid,80,Generic,73,GA
520485,Predipine 2.5mg Tablet 30s-Gaid,38,Generic,38,GA
524474,Gliaid 0.5mg Tablet 10s-Gaid,13,Generic,9,GA
488230,Aidluzole Cream 30gm-Gaid,99,Generic,89,GA
407900,CIP Z TABLET 10 TAB,53,Generic,50,NGA
436732,Amrocad 0.25% Cream 30gm,275,Generic,262,NGA
27233,CIPCAL 150ML SYRUP,69,Generic,69,NGA
407672,TENEPLA 20MG TABLET 10 TAB,90,Generic,85,NGA
148125,Ketocip 1% Shampoo 100ml,179,Generic,163,NGA
127961,PANTOSEC 40MG INJECTION 1ML,44,Generic,42,NGA
394809,CHESTON COLD SYRUP 60ML,50,Generic,50,NGA
148195,KETOCIP TABLET,163,Generic,148,NGA
399181,Finostar 1mg Tablet 10s,54,Generic,50,NGA
384989,M Joint Tablet 10s,211,Generic,192,NGA
442747,Lulitec 1% Cream 30gm,110,Generic,100,NGA
399077,Cremopen SF Mint Syrup 170ml,91,Generic,83,NGA
493936,Azicip 200 Suspension Peppermint & Orange 15ml,44,Generic,45,NGA
270669,PARACIP 250MG SUSPENSION 60ML,32,Generic,32,NGA
402774,KETOCIP 2% 100ML SHAMPOO,194,Generic,176,NGA
408534,FOURDERM 15GM CREAM,74,Generic,67,NGA
385189,ZOCLAR 250 TABLET,74,Generic,70,NGA
410739,SKINSHINE 30GM CREAM,139,Generic,126,NGA
25095,CHESTON COLD NEW TABLET 10 TAB,57,Generic,52,NGA
269937,PANTOSEC D TABLET 10 TAB,54,Generic,49,NGA
215135,AZICIP 250MG TABLET,59,Generic,56,NGA
26995,CIPCAL 500 TABLET 15 TAB,48,Generic,44,NGA
422152,LEETREXATE 10MG TABLET,113,Generic,113,NGA
158987,LIPVAS 40MG TABLET,92,Generic,84,NGA
504156,Dserin Msm Tablet 10s,80,Generic,73,NGA
406277,Primont N Tablet 10s,20,Generic,18,NGA
402819,Calciquick K2 Tablet 10s,118,Generic,108,NGA
385281,Calciquick D3 1K Capsule 10s,38,Generic,36,NGA
412209,Griseo 500mg Tablet 10s,105,Generic,99,NGA
417222,Omega B Complex Capsule 10s,5,Generic,5,NGA
297019,Rabesec D Tablet 10s,42,Generic,38,NGA
399547,Crotonol 500mg Tablet 4s,38,Generic,36,NGA
520474,Zindervit NF Tablet 15s,57,Generic,52,NGA
498086,Glimidib M 1mg SR Tablet 15s,58,Generic,54,NGA
403302,Glimp M 1mg SR Tablet 10s,42,Generic,38,NGA
506368,Glimihelp M1mg PR Tablet 15s,45,Generic,40,NGA
496939,Glimidib M 2mg SR Tablet 15s,61,Generic,57,NGA
404604,Glimp M 2mg SR Tablet 10s,53,Generic,48,NGA
509827,Glycoheal G 502 PR Tablet 15s,35,Generic,32,NGA
444657,Ajapride M2 Tablet 15s,45,Generic,41,NGA
517424,Glimip MF 2mg SR Tablet 15s,30,Generic,27,NGA
412855,Dailyglim M 2mg PR Tablet 10s,39,Generic,35,NGA
506112,Glimihelp M2 Tablet 15s,45,Generic,41,NGA
487222,Metbetic GL 2mg Tablet 15s,45,Generic,41,NGA
504210,Glidum MF 2-500 ER Tablet 10s,25,Generic,23,NGA
552106,Glimip Mf2 Tablet 10s,18,Generic,16,NGA
384995,Gli M Tablet 10s,80,Generic,75,NGA
114035,Gzide M 80/500mg Tablet 10s,61,Generic,55,NGA
399721,Debifall Tablet 10s,42,Generic,38,NGA
441571,Vildasmart M 50/500mg Tablets 15s,76,Generic,71,NGA
485748,Vidasmart M 50/500mg Tablet 15s,69,Generic,63,NGA
441428,Vildader Met 50/500mg Tablet 15s,82,Generic,74,NGA
470950,Vildadib M 500mg Tablet 15s,95,Generic,86,NGA
444123,Galvamark Met 50/500mg Tablet 15s,102,Generic,93,NGA
499806,Vigliptin M 500/50mg Tablet 15s,60,Generic,54,NGA
522117,Vilnox M 500mg Tablet 15s,107,Generic,98,NGA
513610,Telismart CH Tablet 15s,74,Generic,69,NGA
430250,Telmeros CL 12.5mg Tablet 10s,79,Generic,72,NGA
399813,Venpres CH Tablet 10s,51,Generic,47,NGA
412335,Telkonol CT Tablet 10s,56,Generic,51,NGA
523201,Telmibless CT 12.5/40mg Tablet 15s,50,Generic,45,NGA
485712,Telgo CH 12.5mg Tablet 10s,52,Generic,47,NGA
158831,Lipvas 20mg Tablet 10s,52,Generic,49,NGA
385481,Atrocord 20mg Tablet 10s,52,Generic,47,NGA
226679,Biovas 20mg Tablet 10s,57,Generic,51,NGA
485476,Atorvee 20mg Tablet 10s,62,Generic,57,NGA
494943,Atoder 20mg Tablet 10s,20,Generic,18,NGA
223691,Atorbest 20mg Tablet 10s,59,Generic,54,NGA
399809,Glinil M Tablet 10s,32,Generic,30,NGA
478580,Glibenmet 5mg/500mg Tablet 10s,17,Generic,15,NGA
385523,Gliconil M Tablet 10s,26,Generic,23,NGA
262225,Olmesmart 20mg Tablet 10s,83,Generic,78,NGA
444252,Osarten 20mg Tablet 10s,62,Generic,56,NGA
399709,Omnipres 20mg Tablet 10s,58,Generic,53,NGA
230265,Olmo 20mg Tablet 10s,64,Generic,58,NGA
732301,OLMEPEN 20 10s,45,Generic,41,NGA
399577,Glimidib MV 1mg SR Tablet 10s,54,Generic,50,NGA
385565,Glimda MV 1mg Tablet 10s,97,Generic,88,NGA
412587,Vogliboz GM1 Tablet 10s,55,Generic,50,NGA
109035,Glimda 2mg Tablet 10s,38,Generic,36,NGA
402936,Glimp 2mg Tablet 10s,37,Generic,33,NGA
385487,Diclogem Tablet 10s,22,Generic,21,NGA
49659,Deemol 50/325mg Tablet 10s,23,Generic,21,NGA
411979,Shanac Tablet 10s,23,Generic,21,NGA
215113,Reactin Plus Tablet 10s,24,Generic,22,NGA
508933,Diclo Plus Tablet 10s,10,Generic,9,NGA
515364,Endopar 50/325mg Tablet 10s,15,Generic,14,NGA
501459,Fenak Plus Tablet 10s,11,Generic,10,NGA
407075,Glimda MV 2mg Tablet 10s,105,Generic,98,NGA
399775,Glimidib MV 2mg SR Tablet 10s,63,Generic,57,NGA
384931,Vogliboz GM 2mg Tablet 10s,54,Generic,49,NGA
501171,Voglimet GM 2/500/0.2mg SR Tablet 10s,62,Generic,56,NGA
499302,Voglee GM2 SR Tablet 10s,36,Generic,33,NGA
754910,Voglimet GM 2/500/0.2mg SR Tablet 15s,78,Generic,71,NGA
443031,Glycoheal Trio 2mg Tablet 10s,39,Generic,35,NGA
500957,Telismart H Tablet 15s,70,Generic,65,NGA
342889,Telkonol H 40mg Tablet 10s,42,Generic,38,NGA
424322,Telmeros H Tablet 10s,67,Generic,61,NGA
754517,Telmevas H 12.5/40mg Tablet 10s,27,Generic,25,NGA
520587,Venpres H 40mg Tablet 15s,51,Generic,46,NGA
360875,Venpres H 40/12.5mg Tablet 10s,42,Generic,38,NGA
446789,Telmigen H Tablet 10s,58,Generic,53,NGA
404301,Telmavas H Tablet 10s,48,Generic,43,NGA
447167,Telgo H Tablet 10s,48,Generic,44,NGA
489853,Teltan H 40mg Tablet 10s,43,Generic,39,NGA
499376,Telismart 40mg Tablet 15s,48,Generic,45,NGA
507786,Telmavas 40mg Tablet 10s,23,Generic,21,NGA
755172,Telmevas 40mg Tablet 10s,20,Generic,18,NGA
221277,Venpres 40mg Tablet 10s,39,Generic,35,NGA
589655,Swtel 40mg Tablet 10s,13,Generic,11,NGA
408496,Telmeros 40mg Tablet 10s,40,Generic,36,NGA
399369,Telkonol 40mg Tablet 10s,38,Generic,35,NGA
510925,Telmibless 40mg Tablet 15s,39,Generic,36,NGA
440979,Teltan 40mg Tablet 10s,28,Generic,25,NGA
755391,Telmaheal 40mg Tablet 15s,38,Generic,35,NGA
587577,Telmaheal 40mg Tablet 10s,0,Generic,0,NGA
487032,Telmigen 40mg Tablet 10s,31,Generic,28,NGA
159117,Lipvas 10mg Tablet 10s,30,Generic,28,NGA
399557,Atrocord 10mg Tablet 10s,38,Generic,34,NGA
223867,Biovas 10mg Tablet 10s,38,Generic,35,NGA
226285,Atorbest 10mg Tablet 10s,29,Generic,26,NGA
488669,Atorvee 10mg Tablet 10s,38,Generic,35,NGA
509593,Lipidator 10mg Tablet 10s,32,Generic,29,NGA
432002,Atoder 10mg Tablet 10s,36,Generic,33,NGA
509086,Atortrue 10mg Tablet 15s,58,Generic,53,NGA
500744,Glidum MF 1/1000mg SR Tablet 10s,43,Generic,40,NGA
499994,Glidum MF 2mg/1000mg SR Tablet 10s,45,Generic,42,NGA
407231,Clopiros Gold 10mg Capsule 10s,58,Generic,54,NGA
385015,Atrocord F Tablet 10s,66,Generic,62,NGA
398975,Biovas TG Tablet 10s,65,Generic,59,NGA
230291,ATR F Tablet 10s,69,Generic,63,NGA
488303,Atorvee F Tablet 10s,48,Generic,43,NGA
552599,Lipvas F 10mg Tablet 10s,45,Generic,41,NGA
443169,Atorvatin F Tablet 10s,43,Generic,39,NGA
28689,Cipcal HD Tablet 15s,41,Generic,38,NGA
399841,Esomefol 40mg Tablet 10s,52,Generic,49,NGA
755800,Esomi 40mg Tablet 15s,28,Generic,25,NGA
403113,Esomi 40mg Tablet 10s,27,Generic,24,NGA
502636,Esomeza 40mg Tablet 10s,29,Generic,26,NGA
90853,Ferrogen XT Tablet 10s,85,Generic,79,NGA
90467,Fericip XT Tablet 10s,95,Generic,86,NGA
90589,Fercee XT Tablet 10s,89,Generic,80,NGA
500887,Ferros XT Tablet 10s,39,Generic,35,NGA
505436,Ferigrant XT Tablet 10s,54,Generic,49,NGA
521745,Ibuflam 325/400mg Tablet 10s,18,Generic,17,NGA
399597,Olmesmart 40mg Tablet 10s,162,Generic,151,NGA
412396,Omnipres 40mg Tablet 10s,102,Generic,93,NGA
230271,Olmo 40mg Tablet 10s,136,Generic,124,NGA
445825,Osarten 40mg Tablet 10s,105,Generic,95,NGA
418779,Olstan 40mg Tablet 10s,127,Generic,115,NGA
421039,Luliconaz 1% Cream 50gm,392,Generic,356,NGA
421404,Luliconaz 1% Cream 20gm,176,Generic,160,NGA
410346,Luliact 1% Cream 30gm,95,Generic,87,NGA
431966,Luliact 1% Cream 20gm,85,Generic,77,NGA
512462,Luliford Cream 20gm,81,Generic,74,NGA
406573,Luliconaz 1% Cream 30gm,227,Generic,206,NGA
485746,Lulitec 1% Cream 20gm,112,Generic,102,NGA
504348,Luliconaz XL Cream 75gm,373,Generic,339,NGA
465262,Luliford 1% Cream 30gm,84,Generic,77,NGA
492547,Lulicoz 1% Cream 30gm,105,Generic,95,NGA
485745,Lulitec 1% Cream 10gm,84,Generic,76,NGA
406156,Luliford 1% Cream 10gm,99,Generic,90,NGA
618080,Lulitec Cream 50gm,199,Generic,181,NGA
402245,Luliconaz 1% Cream 10gm,102,Generic,93,NGA
475317,Lulifresh 1% Cream 20gm,70,Generic,63,NGA
506177,Lulicoz 1% Cream 15gm,46,Generic,42,NGA
399565,Biciphage 500mg SR Tablet 10s,18,Generic,17,NGA
497205,Okamet 500mg SR Tablet 15s,26,Generic,24,NGA
400990,Biciphage 1000mg SR Tablet 10s,29,Generic,30,NGA
486971,Dapasmart 10mg Tablet 10s,105,Generic,98,NGA
488240,Dapaford 10mg Tablet 15s,81,Generic,74,NGA
486747,Depanol 10mg Tablet 10s,85,Generic,78,NGA
487375,Dapader 10mg Tablet 14s,125,Generic,114,NGA
518418,Dapadot 10mg Tablet 10s,135,Generic,122,NGA
519713,Dapakart 10mg Tablet 10s,49,Generic,44,NGA
523176,Cipdapla 10mg Tablet 10s,54,Generic,49,NGA
487361,Dapaflozin 10mg Tablet 14s,96,Generic,88,NGA
497571,Dapadib 10mg Tablet 10s,69,Generic,62,NGA
736723,Dapadax 10mg Tablet 14s,82,Generic,75,NGA
577993,Dapzigard 10mg Tablet 15s,51,Generic,46,NGA
488392,Dapauz 10mg Tablet 10s,75,Generic,68,NGA
756622,Dapaglivac 10mg Tablet 10s,22,Generic,20,NGA
497852,Telismart AM 40mg/5mg Tablet 15s,70,Generic,65,NGA
399491,Telkonol AM Tablet 10s,48,Generic,44,NGA
409876,Venpres AM Tablet 10s,46,Generic,42,NGA
416551,Telmeros AM Tablet 10s,62,Generic,56,NGA
624154,Telmevas AM 5/40mg Tablet 10s,28,Generic,25,NGA
498324,Telmibless AM Tablet 15s,52,Generic,48,NGA
509767,Telgard AM tablet 10s,32,Generic,29,NGA
486318,Teltan AM 40mg Tablet 10s,49,Generic,44,NGA
343269,Telmavas AM 40/5mg Tablet 10s,51,Generic,46,NGA
497218,Telvilite AM 40mg Tablet 10s,42,Generic,38,NGA
521755,Telgo AM Tablet 10s,28,Generic,25,NGA
486840,Telmigen AM Tablet 10s,63,Generic,58,NGA
403188,Zensartan AM Tablet 10s,38,Generic,35,NGA
421036,Clopiros AP Forte Tablet 10s,36,Generic,34,NGA
518997,Clopinox A 150mg Tablet 15s,69,Generic,63,NGA
398973,Clopizen A 150mg Tablet 10s,34,Generic,31,NGA
19399,Esomefol DSR 30mg/40mg Capsule 10s,71,Generic,66,NGA
385001,Esomi DSR Capsule 10s,58,Generic,53,NGA
500374,Esomeza DSR Capsule 10s,58,Generic,53,NGA
440868,Esomifor DSR Capsule 10s,58,Generic,52,NGA
494613,Esotreat DSR Capsule 10s,93,Generic,84,NGA
523646,Esomifyl DSR 30/40 Capsule 10s,46,Generic,42,NGA
434102,Glimip MF 0.5 SR Tablet 10s,25,Generic,23,NGA
384963,Pregalyv M Capsule 10s,84,Generic,78,NGA
488427,Pregacip M Capsule 10s,100,Generic,91,NGA
511588,Pregabanyl M Capsule 10s,63,Generic,57,NGA
494556,Pregafab M Capsule 10s,87,Generic,79,NGA
405999,Renulaz 500 SR Tablet 10s,85,Generic,79,NGA
385457,Renolzin SR 500mg Tablet 10s,121,Generic,110,NGA
500106,Ranoflaws 500 SR Tablet 10s,70,Generic,64,NGA
118451,Hipres 50mg Tablet 14s,22,Generic,21,NGA
385521,Cardichem 6.25mg Tablet 10s,48,Generic,45,NGA
399129,Carvenol 6.25mg Tablet 10s,42,Generic,38,NGA
409587,Pregabanyl NTM Tablet 10s,129,Generic,121,NGA
445330,Pegabanyl NTM Tablet 10s,95,Generic,86,NGA
755670,Suncob Total SR Tablet 10s,72,Generic,65,NGA
223935,Amlip 10mg Tablet 10s,26,Generic,24,NGA
220217,Vertiford 8mg Tablet 10s,22,Generic,20,NGA
408091,Biohistin 8mg Tablet 10s,29,Generic,26,NGA
494572,Vertitreat 8mg Tablet 10s,38,Generic,35,NGA
385223,Betahistol 8mg Tablet 10s,26,Generic,24,NGA
518733,Styletaurine Tablet 15s,128,Generic,119,NGA
247813,Nicip 100mg Tablet 10s,18,Generic,17,NGA
446963,Amleod H Tablet 10s,12,Generic,11,NGA
494696,Amopress H Tablet 10s,12,Generic,11,NGA
408017,Ketoford DT 10mg Tablet 10s,33,Generic,31,NGA
497284,Ketroheal DT 10mg Tablet 15s,30,Generic,28,NGA
523099,Kerosite DT Tablet 10s,23,Generic,21,NGA
404541,Calciquick Super Tablet 15s,52,Generic,49,NGA
410510,Reepag 1mg Tablet 10s,101,Generic,94,NGA
486804,Hirepa 1 Tablet 10s,101,Generic,92,NGA
465211,Repachem 1mg Tablet 10s,32,Generic,29,NGA
385133,Mecofol OD Tablet 10s,88,Generic,82,NGA
176997,Mecobel OD Tablet 10s,47,Generic,43,NGA
403338,Cardichem 3.125mg Tablet 10s,37,Generic,35,NGA
399127,Carvenol 3.125mg Tablet 10s,32,Generic,29,NGA
424482,Carvicard 3.125mg Tablet 10s,15,Generic,13,NGA
444312,Carveford 3.125 Tablet 10s,26,Generic,23,NGA
421399,Glimip MF 4mg SR Tablet 10s,42,Generic,39,NGA
501833,Glidum MF 4mg/500mg SR Tablet 10s,46,Generic,42,NGA
401404,El Nico 10mg Tablet 20s,125,Generic,117,NGA
404793,Nicowin 10mg Tablet 20s,119,Generic,108,NGA
385111,EL Nico 5mg Tablet 20s,88,Generic,82,NGA
385483,Nicodil 5 Tablet 10s,89,Generic,81,NGA
758250,El Nico 5mg Tablet 30s,84,Generic,77,NGA
402460,Nicowin 5mg Tablet 20s,88,Generic,80,NGA
177685,Metoprol XL 50mg Tablet 10s,42,Generic,40,NGA
175513,Metoder XL 50mg Tablet 10s,54,Generic,49,NGA
177291,Metopole XL 50mg Tablet 10s,38,Generic,34,NGA
402969,Metol XL 50mg Tablet 10s,47,Generic,42,NGA
385067,Rosuvastin 5mg Tablet 10s,54,Generic,51,NGA
586382,Rosufree 5mg Tablet 10s,21,Generic,20,NGA
399359,Rozutin 5 Tablet 10s,45,Generic,41,NGA
385071,Rosuvastin 10mg Tablet 10s,73,Generic,68,NGA
220439,Rosubest 10mg Tablet 10s,75,Generic,68,NGA
445143,Rosusure 10mg Tablet 10s,67,Generic,61,NGA
421321,Rosufree 10mg Tablet 10s,65,Generic,59,NGA
411694,Cardiorostin 10mg Tablet 10s,34,Generic,31,NGA
491097,Sodibicarb Forte Tablet 15s,34,Generic,32,NGA
486617,Sodicab Forte 1000mg Tablet 10s,30,Generic,28,NGA
445954,Sodiheal 1000mg Tablet 10s,41,Generic,37,NGA
510063,Linasmart 5mg Tablet 10s,83,Generic,78,NGA
504679,Linagliwon 5mg Tablet 10s,99,Generic,90,NGA
11021,Omee 20mg Capsule 20s,48,Generic,45,NGA
502138,Omefor 20mg Capsule 20s,28,Generic,25,NGA
3309,Omecip 20mg Capsule 15s,36,Generic,33,NGA
385197,Clindinol 20mg Tablet 10s,90,Generic,84,NGA
405960,Cilnilyv 20mg Tablet 10s,68,Generic,62,NGA
437879,Clindiros 20mg Tablet 10s,88,Generic,80,NGA
412723,Rozutin CL 10mg Capsule 10s,96,Generic,90,NGA
416126,Rosubest CV 10mg Capsule 10s,107,Generic,97,NGA
445894,Omee Chew Mint Tablet 12s,14,Generic,14,NGA
421929,Dynacid Mint Tablet 15s,22,Generic,21,NGA
223827,Amlip 2.5mg Tablet 10s,14,Generic,13,NGA
497740,Glimip 0.5mg Tablet 10s,10,Generic,9,NGA
500785,Gabanyl NT 100mg Tablet 10s,44,Generic,41,NGA
502728,Gabipenta NT 100/10mg Tablet 10s,81,Generic,74,NGA
504592,Gabaex NT 100/10 Tablet 10s,29,Generic,26,NGA